config,task,model,input,form,mirror,bag_k,seed,fold,epochs,n_test,best_val,sec,kidney_n,kidney_auc,kidney_acc,kidney_acc_ci_lo,kidney_acc_ci_hi,kidney_bal_acc,kidney_f1,kidney_majority,kidney_degenerate,patient_n,patient_auc,patient_acc,patient_acc_ci_lo,patient_acc_ci_hi,patient_bal_acc,patient_f1,patient_majority,patient_degenerate,kidney_qwk,kidney_auc_macro,pos,thr_lo,thr_hi,n_single,det_val_auc
e1_stone,has_stone,resnet18,stone,mil,on,16,1337,0,40,80,0.9873,314,80.0,0.9827,0.9375,0.8619,0.973,0.9167,0.9307,0.625,False,39.0,,1.0,0.9103,1.0,1.0,1.0,1.0,True,,,,,,,
e1_stone,has_stone,resnet18,stone,mil,on,16,1337,1,40,78,0.9719,215,78.0,0.9733,0.9103,0.8262,0.9558,0.9004,0.9032,0.6282,False,39.0,,0.9744,0.8682,0.9955,0.9744,0.4935,1.0,True,,,,,,,
e1_stone,has_stone,resnet18,stone,mil,on,16,1337,2,40,78,0.998,211,78.0,0.9641,0.9615,0.8929,0.9868,0.9624,0.9591,0.6282,False,39.0,,0.9487,0.8311,0.9858,0.9487,0.4868,1.0,True,,,,,,,
e1_stone,has_stone,resnet18,stone,mil,on,16,1337,3,40,80,0.9887,210,80.0,0.9885,0.9625,0.8955,0.9872,0.9632,0.9597,0.6375,False,39.0,,0.9487,0.8311,0.9858,0.9487,0.4868,1.0,True,,,,,,,
e1_stone,has_stone,resnet18,stone,mil,on,16,1337,4,40,78,0.992,213,78.0,0.9803,0.9615,0.8929,0.9868,0.9624,0.9591,0.6282,False,39.0,,0.9744,0.8682,0.9955,0.9744,0.4935,1.0,True,,,,,,,
e1_mw3,has_stone,resnet18,mw3,mil,on,16,1337,0,40,80,0.9838,306,80.0,0.974,0.9375,0.8619,0.973,0.93,0.9329,0.625,False,39.0,,0.9744,0.8682,0.9955,0.9744,0.4935,1.0,True,,,,,,,
e1_mw3,has_stone,resnet18,mw3,mil,on,16,1337,1,40,78,0.9719,215,78.0,0.9592,0.8846,0.795,0.9381,0.873,0.8756,0.6282,False,39.0,,0.9487,0.8311,0.9858,0.9487,0.4868,1.0,True,,,,,,,
e1_mw3,has_stone,resnet18,mw3,mil,on,16,1337,2,40,78,0.9966,209,78.0,0.9697,0.9359,0.8586,0.9723,0.9208,0.9298,0.6282,False,39.0,,0.9744,0.8682,0.9955,0.9744,0.4935,1.0,True,,,,,,,
e1_mw3,has_stone,resnet18,mw3,mil,on,16,1337,3,40,80,0.9937,213,80.0,0.9621,0.925,0.8459,0.9652,0.9189,0.9189,0.6375,False,39.0,,0.9487,0.8311,0.9858,0.9487,0.4868,1.0,True,,,,,,,
e1_mw3,has_stone,resnet18,mw3,mil,on,16,1337,4,40,78,0.9907,235,78.0,0.9803,0.9615,0.8929,0.9868,0.9624,0.9591,0.6282,False,39.0,,0.9744,0.8682,0.9955,0.9744,0.4935,1.0,True,,,,,,,
e3_hs_resnet18,has_stone,resnet18,stone,mil,on,16,1337,0,40,80,0.9873,275,80.0,0.9827,0.9375,0.8619,0.973,0.9167,0.9307,0.625,False,39.0,,1.0,0.9103,1.0,1.0,1.0,1.0,True,,,,,,,
e3_hs_resnet18,has_stone,resnet18,stone,mil,on,16,1337,1,40,78,0.9719,456,78.0,0.9733,0.9103,0.8262,0.9558,0.9004,0.9032,0.6282,False,39.0,,0.9744,0.8682,0.9955,0.9744,0.4935,1.0,True,,,,,,,
e3_hs_resnet18,has_stone,resnet18,stone,mil,on,16,1337,2,40,78,0.998,230,78.0,0.9641,0.9615,0.8929,0.9868,0.9624,0.9591,0.6282,False,39.0,,0.9487,0.8311,0.9858,0.9487,0.4868,1.0,True,,,,,,,
e3_hs_resnet18,has_stone,resnet18,stone,mil,on,16,1337,3,40,80,0.9887,245,80.0,0.9885,0.9625,0.8955,0.9872,0.9632,0.9597,0.6375,False,39.0,,0.9487,0.8311,0.9858,0.9487,0.4868,1.0,True,,,,,,,
e3_hs_resnet18,has_stone,resnet18,stone,mil,on,16,1337,4,40,78,0.992,249,78.0,0.9803,0.9615,0.8929,0.9868,0.9624,0.9591,0.6282,False,39.0,,0.9744,0.8682,0.9955,0.9744,0.4935,1.0,True,,,,,,,
e3_hs_resnet18,has_stone,resnet18,stone,mil,on,16,2027,0,40,78,0.9592,225,78.0,0.9824,0.9615,0.8929,0.9868,0.9624,0.9591,0.6282,False,39.0,,0.9744,0.8682,0.9955,0.9744,0.4935,1.0,True,,,,,,,
e3_hs_resnet18,has_stone,resnet18,stone,mil,on,16,2027,1,40,78,0.9947,223,78.0,0.962,0.9231,0.8422,0.9643,0.9106,0.9164,0.6282,False,39.0,,0.9487,0.8311,0.9858,0.9487,0.4868,1.0,True,,,,,,,
e3_hs_resnet18,has_stone,resnet18,stone,mil,on,16,2027,2,40,80,0.985,229,80.0,0.9853,0.9125,0.8302,0.957,0.8967,0.9046,0.625,False,39.0,,0.9744,0.8682,0.9955,0.9744,0.4935,1.0,True,,,,,,,
e3_hs_resnet18,has_stone,resnet18,stone,mil,on,16,2027,3,40,78,1.0,228,78.0,0.9757,0.9103,0.8262,0.9558,0.8829,0.898,0.641,False,39.0,,1.0,0.9103,1.0,1.0,1.0,1.0,True,,,,,,,
e3_hs_resnet18,has_stone,resnet18,stone,mil,on,16,2027,4,40,80,0.988,239,80.0,0.988,0.95,0.8784,0.9804,0.9467,0.9467,0.625,False,39.0,,0.9744,0.8682,0.9955,0.9744,0.4935,1.0,True,,,,,,,
e3_hs_resnet18,has_stone,resnet18,stone,mil,on,16,7,0,40,78,0.9833,233,78.0,0.974,0.9744,0.9112,0.9929,0.9726,0.9726,0.6282,False,39.0,,0.9744,0.8682,0.9955,0.9744,0.4935,1.0,True,,,,,,,
e3_hs_resnet18,has_stone,resnet18,stone,mil,on,16,7,1,40,80,0.9979,237,80.0,0.9747,0.95,0.8784,0.9804,0.9533,0.9473,0.625,False,39.0,,0.9487,0.8311,0.9858,0.9487,0.4868,1.0,True,,,,,,,
e3_hs_resnet18,has_stone,resnet18,stone,mil,on,16,7,2,40,78,0.9936,241,78.0,0.9951,0.9487,0.8754,0.9799,0.931,0.9434,0.6282,False,39.0,,1.0,0.9103,1.0,1.0,1.0,1.0,True,,,,,,,
e3_hs_resnet18,has_stone,resnet18,stone,mil,on,16,7,3,40,78,0.9767,232,78.0,0.9714,0.9231,0.8422,0.9643,0.94,0.9197,0.641,False,39.0,,0.9231,0.7968,0.9735,0.9231,0.48,1.0,True,,,,,,,
e3_hs_resnet18,has_stone,resnet18,stone,mil,on,16,7,4,40,80,0.9789,227,80.0,0.9553,0.925,0.8459,0.9652,0.9267,0.921,0.625,False,39.0,,0.9231,0.7968,0.9735,0.9231,0.48,1.0,True,,,,,,,
e3_hs_resnet18,has_stone,resnet18,stone,mil,on,16,42,0,40,78,0.9894,231,78.0,0.9852,0.9231,0.8422,0.9643,0.8966,0.9135,0.6282,False,39.0,,1.0,0.9103,1.0,1.0,1.0,1.0,True,,,,,,,
e3_hs_resnet18,has_stone,resnet18,stone,mil,on,16,42,1,40,78,0.9894,227,78.0,0.9859,0.9744,0.9112,0.9929,0.9726,0.9726,0.6282,False,39.0,,1.0,0.9103,1.0,1.0,1.0,1.0,True,,,,,,,
e3_hs_resnet18,has_stone,resnet18,stone,mil,on,16,42,2,40,78,0.9777,210,78.0,0.9163,0.859,0.7649,0.9194,0.8596,0.8519,0.6282,False,39.0,,0.8718,0.7329,0.944,0.8718,0.4658,1.0,False,,,,,,,
e3_hs_resnet18,has_stone,resnet18,stone,mil,on,16,42,3,40,80,1.0,201,80.0,0.9439,0.9375,0.8619,0.973,0.9287,0.9319,0.6375,False,39.0,,0.9744,0.8682,0.9955,0.9744,0.4935,1.0,True,,,,,,,
e3_hs_resnet18,has_stone,resnet18,stone,mil,on,16,42,4,40,80,0.9986,200,80.0,0.9887,0.975,0.9134,0.9931,0.98,0.9737,0.625,False,39.0,,0.9744,0.8682,0.9955,0.9744,0.4935,1.0,True,,,,,,,
e3_hs_resnet18,has_stone,resnet18,stone,mil,on,16,12345,0,40,78,0.9947,201,78.0,0.9958,0.9744,0.9112,0.9929,0.9655,0.9721,0.6282,False,39.0,,1.0,0.9103,1.0,1.0,1.0,1.0,True,,,,,,,
e3_hs_resnet18,has_stone,resnet18,stone,mil,on,16,12345,1,40,80,0.9833,200,80.0,0.9927,0.975,0.9134,0.9931,0.9733,0.9733,0.625,False,39.0,,1.0,0.9103,1.0,1.0,1.0,1.0,True,,,,,,,
e3_hs_resnet18,has_stone,resnet18,stone,mil,on,16,12345,2,40,80,0.985,197,80.0,0.9353,0.9375,0.8619,0.973,0.9433,0.9345,0.625,False,39.0,,0.9231,0.7968,0.9735,0.9231,0.48,1.0,True,,,,,,,
e3_hs_resnet18,has_stone,resnet18,stone,mil,on,16,12345,3,40,78,0.9662,205,78.0,0.9729,0.9487,0.8754,0.9799,0.9364,0.9434,0.641,False,39.0,,1.0,0.9103,1.0,1.0,1.0,1.0,True,,,,,,,
e3_hs_resnet18,has_stone,resnet18,stone,mil,on,16,12345,4,40,78,0.9979,203,78.0,0.9388,0.8974,0.8105,0.9471,0.9043,0.8929,0.6282,False,39.0,,0.8974,0.7642,0.9594,0.8974,0.473,1.0,False,,,,,,,
e3_size_resnet18,size3,resnet18,stone,mil,on,16,1337,0,40,47,0.8887,172,47.0,,0.7447,,,0.7302,0.743,0.4043,False,,,,,,,,,,0.7183,,,,,,
e3_size_resnet18,size3,resnet18,stone,mil,on,16,1337,1,40,44,0.7949,120,44.0,,0.7273,,,0.6672,0.6702,0.4318,False,,,,,,,,,,0.7241,,,,,,
e3_size_resnet18,size3,resnet18,stone,mil,on,16,1337,2,40,47,0.7566,116,47.0,,0.6809,,,0.6556,0.6511,0.4255,False,,,,,,,,,,0.6711,,,,,,
e3_size_resnet18,size3,resnet18,stone,mil,on,16,1337,3,40,44,0.7957,119,44.0,,0.7045,,,0.6416,0.6419,0.4091,False,,,,,,,,,,0.6599,,,,,,
e3_size_resnet18,size3,resnet18,stone,mil,on,16,1337,4,40,47,0.71,118,47.0,,0.6809,,,0.6086,0.6006,0.4043,False,,,,,,,,,,0.6732,,,,,,
e3_size_resnet18,size3,resnet18,stone,mil,on,16,2027,0,40,46,0.8882,118,46.0,,0.7391,,,0.6306,0.6072,0.413,False,,,,,,,,,,0.656,,,,,,
e3_size_resnet18,size3,resnet18,stone,mil,on,16,2027,1,40,43,0.8074,118,43.0,,0.814,,,0.7676,0.7741,0.4419,False,,,,,,,,,,0.8348,,,,,,
e3_size_resnet18,size3,resnet18,stone,mil,on,16,2027,2,40,48,0.7781,117,48.0,,0.625,,,0.5716,0.5794,0.4167,False,,,,,,,,,,0.6456,,,,,,
e3_size_resnet18,size3,resnet18,stone,mil,on,16,2027,3,40,46,0.6957,117,46.0,,0.7391,,,0.7263,0.7333,0.3913,False,,,,,,,,,,0.662,,,,,,
e3_size_resnet18,size3,resnet18,stone,mil,on,16,2027,4,40,46,0.7477,119,46.0,,0.7174,,,0.6239,0.6356,0.4565,False,,,,,,,,,,0.6674,,,,,,
e3_size_resnet18,size3,resnet18,stone,mil,on,16,7,0,40,43,0.7105,119,43.0,,0.8605,,,0.8773,0.8602,0.4186,False,,,,,,,,,,0.8894,,,,,,
e3_size_resnet18,size3,resnet18,stone,mil,on,16,7,1,40,46,0.7788,116,46.0,,0.6739,,,0.7127,0.6752,0.413,False,,,,,,,,,,0.6637,,,,,,
e3_size_resnet18,size3,resnet18,stone,mil,on,16,7,2,40,46,0.7619,117,46.0,,0.7609,,,0.6336,0.6161,0.4565,False,,,,,,,,,,0.7362,,,,,,
e3_size_resnet18,size3,resnet18,stone,mil,on,16,7,3,40,47,0.7617,119,47.0,,0.766,,,0.7558,0.7551,0.4043,False,,,,,,,,,,0.734,,,,,,
e3_size_resnet18,size3,resnet18,stone,mil,on,16,7,4,40,47,0.7652,117,47.0,,0.7234,,,0.6933,0.6918,0.4043,False,,,,,,,,,,0.6977,,,,,,
e3_size_resnet18,size3,resnet18,stone,mil,on,16,42,0,40,45,0.7279,120,45.0,,0.7556,,,0.7096,0.7103,0.4222,False,,,,,,,,,,0.7671,,,,,,
e3_size_resnet18,size3,resnet18,stone,mil,on,16,42,1,40,45,0.8228,117,45.0,,0.7778,,,0.6819,0.673,0.4222,False,,,,,,,,,,0.7772,,,,,,
e3_size_resnet18,size3,resnet18,stone,mil,on,16,42,2,40,44,0.7442,120,44.0,,0.8409,,,0.7986,0.8126,0.4318,False,,,,,,,,,,0.7849,,,,,,
e3_size_resnet18,size3,resnet18,stone,mil,on,16,42,3,40,47,0.7727,118,47.0,,0.7021,,,0.6382,0.6466,0.4468,False,,,,,,,,,,0.6164,,,,,,
e3_size_resnet18,size3,resnet18,stone,mil,on,16,42,4,40,48,0.8296,115,48.0,,0.7292,,,0.7087,0.7134,0.3958,False,,,,,,,,,,0.7536,,,,,,
e3_size_resnet18,size3,resnet18,stone,mil,on,16,12345,0,40,44,0.7432,118,44.0,,0.8409,,,0.8009,0.8147,0.4091,False,,,,,,,,,,0.8448,,,,,,
e3_size_resnet18,size3,resnet18,stone,mil,on,16,12345,1,40,45,0.5766,119,45.0,,0.6444,,,0.5465,0.5392,0.4222,False,,,,,,,,,,0.3145,,,,,,
e3_size_resnet18,size3,resnet18,stone,mil,on,16,12345,2,40,47,0.8168,116,47.0,,0.6809,,,0.6394,0.6425,0.4043,False,,,,,,,,,,0.5802,,,,,,
e3_size_resnet18,size3,resnet18,stone,mil,on,16,12345,3,40,48,0.8124,119,48.0,,0.75,,,0.6957,0.7038,0.4167,False,,,,,,,,,,0.7582,,,,,,
e3_size_resnet18,size3,resnet18,stone,mil,on,16,12345,4,40,45,0.7289,119,45.0,,0.7111,,,0.6913,0.6823,0.4,False,,,,,,,,,,0.767,,,,,,
e3_hs_sst,has_stone,sst,stone,mil,on,16,1337,0,40,80,0.988,257,80.0,0.9793,0.9,0.8149,0.9485,0.8733,0.8882,0.625,False,39.0,,1.0,0.9103,1.0,1.0,1.0,1.0,True,,,,,,,
e3_hs_sst,has_stone,sst,stone,mil,on,16,1337,1,40,78,0.9873,215,78.0,0.9845,0.9103,0.8262,0.9558,0.9075,0.9046,0.6282,False,39.0,,0.9744,0.8682,0.9955,0.9744,0.4935,1.0,True,,,,,,,
e3_hs_sst,has_stone,sst,stone,mil,on,16,1337,2,40,78,0.9993,209,78.0,0.9944,0.9487,0.8754,0.9799,0.931,0.9434,0.6282,False,39.0,,1.0,0.9103,1.0,1.0,1.0,1.0,True,,,,,,,
e3_hs_sst,has_stone,sst,stone,mil,on,16,1337,3,40,80,0.9852,209,80.0,0.979,0.95,0.8784,0.9804,0.9533,0.9467,0.6375,False,39.0,,0.9487,0.8311,0.9858,0.9487,0.4868,1.0,True,,,,,,,
e3_hs_sst,has_stone,sst,stone,mil,on,16,1337,4,40,78,0.9847,214,78.0,0.9852,0.9744,0.9112,0.9929,0.9726,0.9726,0.6282,False,39.0,,0.9744,0.8682,0.9955,0.9744,0.4935,1.0,True,,,,,,,
e3_hs_sst,has_stone,sst,stone,mil,on,16,2027,0,40,78,0.974,213,78.0,0.988,0.9231,0.8422,0.9643,0.8966,0.9135,0.6282,False,39.0,,1.0,0.9103,1.0,1.0,1.0,1.0,True,,,,,,,
e3_hs_sst,has_stone,sst,stone,mil,on,16,2027,1,40,78,0.9853,214,78.0,0.9648,0.9231,0.8422,0.9643,0.9106,0.9164,0.6282,False,39.0,,0.9487,0.8311,0.9858,0.9487,0.4868,1.0,True,,,,,,,
e3_hs_sst,has_stone,sst,stone,mil,on,16,2027,2,40,80,0.9829,216,80.0,0.9927,0.9625,0.8955,0.9872,0.9633,0.9603,0.625,False,39.0,,0.9744,0.8682,0.9955,0.9744,0.4935,1.0,True,,,,,,,
e3_hs_sst,has_stone,sst,stone,mil,on,16,2027,3,40,78,0.9973,223,78.0,0.9821,0.9615,0.8929,0.9868,0.9543,0.9579,0.641,False,39.0,,1.0,0.9103,1.0,1.0,1.0,1.0,True,,,,,,,
e3_hs_sst,has_stone,sst,stone,mil,on,16,2027,4,40,80,0.9972,230,80.0,0.9933,0.975,0.9134,0.9931,0.9733,0.9733,0.625,False,39.0,,0.9744,0.8682,0.9955,0.9744,0.4935,1.0,True,,,,,,,
e3_hs_sst,has_stone,sst,stone,mil,on,16,7,0,40,78,0.976,534,78.0,0.9838,0.9744,0.9112,0.9929,0.9726,0.9726,0.6282,False,39.0,,1.0,0.9103,1.0,1.0,1.0,1.0,True,,,,,,,
e3_hs_sst,has_stone,sst,stone,mil,on,16,7,1,40,80,0.9965,250,80.0,0.9713,0.9625,0.8955,0.9872,0.9633,0.9603,0.625,False,39.0,,0.9744,0.8682,0.9955,0.9744,0.4935,1.0,True,,,,,,,
e3_hs_sst,has_stone,sst,stone,mil,on,16,7,2,40,78,0.9879,589,78.0,0.9972,0.9487,0.8754,0.9799,0.931,0.9434,0.6282,False,39.0,,1.0,0.9103,1.0,1.0,1.0,1.0,True,,,,,,,
e3_hs_sst,has_stone,sst,stone,mil,on,16,7,3,40,78,0.99,227,78.0,0.9764,0.9103,0.8262,0.9558,0.8907,0.9,0.641,False,39.0,,1.0,0.9103,1.0,1.0,1.0,1.0,True,,,,,,,
e3_hs_sst,has_stone,sst,stone,mil,on,16,7,4,40,80,0.9909,223,80.0,0.9713,0.9,0.8149,0.9485,0.88,0.8901,0.625,False,39.0,,0.9487,0.8311,0.9858,0.9487,0.4868,1.0,True,,,,,,,
e3_hs_sst,has_stone,sst,stone,mil,on,16,42,0,40,78,0.9923,227,78.0,0.9733,0.9359,0.8586,0.9723,0.9208,0.9298,0.6282,False,39.0,,1.0,0.9103,1.0,1.0,1.0,1.0,True,,,,,,,
e3_hs_sst,has_stone,sst,stone,mil,on,16,42,1,40,78,0.9866,221,78.0,0.9887,0.9359,0.8586,0.9723,0.9208,0.9298,0.6282,False,39.0,,1.0,0.9103,1.0,1.0,1.0,1.0,True,,,,,,,
e3_hs_sst,has_stone,sst,stone,mil,on,16,42,2,40,78,0.9865,225,78.0,0.981,0.8846,0.795,0.9381,0.8519,0.8689,0.6282,False,39.0,,1.0,0.9103,1.0,1.0,1.0,1.0,True,,,,,,,
e3_hs_sst,has_stone,sst,stone,mil,on,16,42,3,40,80,1.0,231,80.0,0.9655,0.925,0.8459,0.9652,0.9114,0.9176,0.6375,False,39.0,,0.9744,0.8682,0.9955,0.9744,0.4935,1.0,True,,,,,,,
e3_hs_sst,has_stone,sst,stone,mil,on,16,42,4,40,80,0.9937,226,80.0,0.9947,0.9875,0.9325,0.9978,0.99,0.9868,0.625,False,39.0,,0.9744,0.8682,0.9955,0.9744,0.4935,1.0,True,,,,,,,
e3_hs_sst,has_stone,sst,stone,mil,on,16,12345,0,40,78,0.9967,224,78.0,0.9972,0.9872,0.9309,0.9977,0.9828,0.9862,0.6282,False,39.0,,1.0,0.9103,1.0,1.0,1.0,1.0,True,,,,,,,
e3_hs_sst,has_stone,sst,stone,mil,on,16,12345,1,40,80,0.9887,233,80.0,0.992,0.975,0.9134,0.9931,0.9733,0.9733,0.625,False,39.0,,1.0,0.9103,1.0,1.0,1.0,1.0,True,,,,,,,
e3_hs_sst,has_stone,sst,stone,mil,on,16,12345,2,40,80,0.9914,541,80.0,0.9867,0.9125,0.8302,0.957,0.9233,0.9093,0.625,False,39.0,,0.8974,0.7642,0.9594,0.8974,0.473,1.0,False,,,,,,,
e3_hs_sst,has_stone,sst,stone,mil,on,16,12345,3,40,78,0.9704,291,78.0,0.98,0.9359,0.8586,0.9723,0.9186,0.9286,0.641,False,39.0,,0.9744,0.8682,0.9955,0.9744,0.4935,1.0,True,,,,,,,
e3_hs_sst,has_stone,sst,stone,mil,on,16,12345,4,40,78,1.0,243,78.0,0.9726,0.9359,0.8586,0.9723,0.9208,0.9298,0.6282,False,39.0,,0.9744,0.8682,0.9955,0.9744,0.4935,1.0,True,,,,,,,
e3_size_sst,size3,sst,stone,mil,on,16,1337,0,40,47,0.8317,206,47.0,,0.6383,,,0.6087,0.6151,0.4043,False,,,,,,,,,,0.5834,,,,,,
e3_size_sst,size3,sst,stone,mil,on,16,1337,1,40,44,0.8369,144,44.0,,0.8182,,,0.8296,0.788,0.4318,False,,,,,,,,,,0.8447,,,,,,
e3_size_sst,size3,sst,stone,mil,on,16,1337,2,40,47,0.8147,144,47.0,,0.7872,,,0.7074,0.714,0.4255,False,,,,,,,,,,0.7144,,,,,,
e3_size_sst,size3,sst,stone,mil,on,16,1337,3,40,44,0.7891,150,44.0,,0.75,,,0.6983,0.7093,0.4091,False,,,,,,,,,,0.6431,,,,,,
e3_size_sst,size3,sst,stone,mil,on,16,1337,4,40,47,0.5467,138,47.0,,0.6596,,,0.5901,0.5833,0.4043,False,,,,,,,,,,0.5409,,,,,,
e3_size_sst,size3,sst,stone,mil,on,16,2027,0,40,46,0.8631,139,46.0,,0.6957,,,0.6501,0.6526,0.413,False,,,,,,,,,,0.6632,,,,,,
e3_size_sst,size3,sst,stone,mil,on,16,2027,1,40,43,0.8423,133,43.0,,0.814,,,0.7676,0.7741,0.4419,False,,,,,,,,,,0.8348,,,,,,
e3_size_sst,size3,sst,stone,mil,on,16,2027,2,40,48,0.823,128,48.0,,0.7708,,,0.7503,0.7491,0.4167,False,,,,,,,,,,0.7944,,,,,,
e3_size_sst,size3,sst,stone,mil,on,16,2027,3,40,46,0.7555,138,46.0,,0.7391,,,0.7274,0.7305,0.3913,False,,,,,,,,,,0.657,,,,,,
e3_size_sst,size3,sst,stone,mil,on,16,2027,4,40,46,0.753,141,46.0,,0.7609,,,0.6927,0.6957,0.4565,False,,,,,,,,,,0.7517,,,,,,
e3_size_sst,size3,sst,stone,mil,on,16,7,0,40,43,0.8118,139,43.0,,0.8372,,,0.8056,0.8091,0.4186,False,,,,,,,,,,0.8599,,,,,,
e3_size_sst,size3,sst,stone,mil,on,16,7,1,40,46,0.8554,136,46.0,,0.6957,,,0.6579,0.6576,0.413,False,,,,,,,,,,0.5799,,,,,,
e3_size_sst,size3,sst,stone,mil,on,16,7,2,40,46,0.7806,138,46.0,,0.8043,,,0.7831,0.7749,0.4565,False,,,,,,,,,,0.8305,,,,,,
e3_size_sst,size3,sst,stone,mil,on,16,7,3,40,47,0.7136,140,47.0,,0.766,,,0.6955,0.7002,0.4043,False,,,,,,,,,,0.7567,,,,,,
e3_size_sst,size3,sst,stone,mil,on,16,7,4,40,47,0.8851,138,47.0,,0.7447,,,0.6833,0.6799,0.4043,False,,,,,,,,,,0.6753,,,,,,
e3_size_sst,size3,sst,stone,mil,on,16,42,0,40,45,0.8137,150,45.0,,0.7333,,,0.693,0.6796,0.4222,False,,,,,,,,,,0.7672,,,,,,
e3_size_sst,size3,sst,stone,mil,on,16,42,1,40,45,0.8556,140,45.0,,0.8222,,,0.7908,0.7942,0.4222,False,,,,,,,,,,0.8455,,,,,,
e3_size_sst,size3,sst,stone,mil,on,16,42,2,40,44,0.7941,141,44.0,,0.8182,,,0.7811,0.7954,0.4318,False,,,,,,,,,,0.7609,,,,,,
e3_size_sst,size3,sst,stone,mil,on,16,42,3,40,47,0.778,135,47.0,,0.7447,,,0.67,0.6837,0.4468,False,,,,,,,,,,0.6456,,,,,,
e3_size_sst,size3,sst,stone,mil,on,16,42,4,40,48,0.8639,131,48.0,,0.7292,,,0.7087,0.7134,0.3958,False,,,,,,,,,,0.7536,,,,,,
e3_size_sst,size3,sst,stone,mil,on,16,12345,0,40,44,0.8128,138,44.0,,0.7955,,,0.7176,0.7251,0.4091,False,,,,,,,,,,0.7911,,,,,,
e3_size_sst,size3,sst,stone,mil,on,16,12345,1,40,45,0.8073,138,45.0,,0.6667,,,0.6384,0.6269,0.4222,False,,,,,,,,,,0.7059,,,,,,
e3_size_sst,size3,sst,stone,mil,on,16,12345,2,40,47,0.8016,134,47.0,,0.8298,,,0.8402,0.8252,0.4043,False,,,,,,,,,,0.7964,,,,,,
e3_size_sst,size3,sst,stone,mil,on,16,12345,3,40,48,0.8448,138,48.0,,0.7083,,,0.6993,0.683,0.4167,False,,,,,,,,,,0.7344,,,,,,
e3_size_sst,size3,sst,stone,mil,on,16,12345,4,40,45,0.8618,130,45.0,,0.7556,,,0.7052,0.7135,0.4,False,,,,,,,,,,0.6939,,,,,,
e4_zone_resnet18,zone,resnet18,stone,mil,on,16,1337,0,40,47,0.4655,135,47.0,,0.2553,,,,0.4672,,False,,,,,,,,,,,0.6245,,,,,
e4_zone_resnet18,zone,resnet18,stone,mil,on,16,1337,1,40,44,0.6785,161,44.0,,0.1364,,,,0.3274,,False,,,,,,,,,,,0.3942,,,,,
e4_zone_resnet18,zone,resnet18,stone,mil,on,16,1337,2,40,47,0.6293,132,47.0,,0.0638,,,,0.4428,,False,,,,,,,,,,,0.5282,,,,,
e4_zone_resnet18,zone,resnet18,stone,mil,on,16,1337,3,40,44,0.5893,134,44.0,,0.2727,,,,0.4641,,False,,,,,,,,,,,0.5906,,,,,
e4_zone_resnet18,zone,resnet18,stone,mil,on,16,1337,4,40,47,0.6159,131,47.0,,0.1489,,,,0.5313,,False,,,,,,,,,,,0.4124,,,,,
e4_zone_resnet18,zone,resnet18,stone,mil,on,16,2027,0,40,46,0.605,129,46.0,,0.087,,,,0.3188,,False,,,,,,,,,,,0.6039,,,,,
e4_zone_resnet18,zone,resnet18,stone,mil,on,16,2027,1,40,43,0.6759,130,43.0,,0.2093,,,,0.4346,,False,,,,,,,,,,,0.5304,,,,,
e4_zone_resnet18,zone,resnet18,stone,mil,on,16,2027,2,40,48,0.5922,129,48.0,,0.1667,,,,0.49,,False,,,,,,,,,,,0.6046,,,,,
e4_zone_resnet18,zone,resnet18,stone,mil,on,16,2027,3,40,46,0.6589,125,46.0,,0.2826,,,,0.511,,False,,,,,,,,,,,0.6011,,,,,
e4_zone_resnet18,zone,resnet18,stone,mil,on,16,2027,4,40,46,0.7625,123,46.0,,0.0652,,,,0.4188,,False,,,,,,,,,,,0.6477,,,,,
e4_zone_resnet18,zone,resnet18,stone,mil,on,16,7,0,40,43,0.5844,128,43.0,,0.2326,,,,0.4849,,False,,,,,,,,,,,0.5693,,,,,
e4_zone_resnet18,zone,resnet18,stone,mil,on,16,7,1,40,46,0.5876,122,46.0,,0.1087,,,,0.2781,,False,,,,,,,,,,,0.5607,,,,,
e4_zone_resnet18,zone,resnet18,stone,mil,on,16,7,2,40,46,0.6999,124,46.0,,0.2391,,,,0.4673,,False,,,,,,,,,,,0.4733,,,,,
e4_zone_resnet18,zone,resnet18,stone,mil,on,16,7,3,40,47,0.5768,125,47.0,,0.2553,,,,0.3999,,False,,,,,,,,,,,0.5636,,,,,
e4_zone_resnet18,zone,resnet18,stone,mil,on,16,7,4,40,47,0.6479,131,47.0,,0.2553,,,,0.5292,,False,,,,,,,,,,,0.5597,,,,,
e4_zone_resnet18,zone,resnet18,stone,mil,on,16,42,0,40,45,0.6048,132,45.0,,0.3111,,,,0.3913,,False,,,,,,,,,,,0.5167,,,,,
e4_zone_resnet18,zone,resnet18,stone,mil,on,16,42,1,40,45,0.5486,144,45.0,,0.0,,,,0.2853,,False,,,,,,,,,,,0.56,,,,,
e4_zone_resnet18,zone,resnet18,stone,mil,on,16,42,2,40,44,0.6392,143,44.0,,0.2727,,,,0.4127,,False,,,,,,,,,,,0.5506,,,,,
e4_zone_resnet18,zone,resnet18,stone,mil,on,16,42,3,40,47,0.6274,135,47.0,,0.0426,,,,0.3532,,False,,,,,,,,,,,0.6442,,,,,
e4_zone_resnet18,zone,resnet18,stone,mil,on,16,42,4,40,48,0.6032,133,48.0,,0.1667,,,,0.496,,False,,,,,,,,,,,0.5653,,,,,
e4_zone_resnet18,zone,resnet18,stone,mil,on,16,12345,0,40,44,0.6107,136,44.0,,0.2727,,,,0.5161,,False,,,,,,,,,,,0.5856,,,,,
e4_zone_resnet18,zone,resnet18,stone,mil,on,16,12345,1,40,45,0.5831,137,45.0,,0.2,,,,0.4294,,False,,,,,,,,,,,0.4781,,,,,
e4_zone_resnet18,zone,resnet18,stone,mil,on,16,12345,2,40,47,0.6276,135,47.0,,0.0638,,,,0.5591,,False,,,,,,,,,,,0.5444,,,,,
e4_zone_resnet18,zone,resnet18,stone,mil,on,16,12345,3,40,48,0.648,138,48.0,,0.1667,,,,0.4361,,False,,,,,,,,,,,0.5741,,,,,
e4_zone_resnet18,zone,resnet18,stone,mil,on,16,12345,4,40,45,0.5874,144,45.0,,0.2,,,,0.4451,,False,,,,,,,,,,,0.5472,,,,,
e4_zone_sst,zone,sst,stone,mil,on,16,1337,0,40,47,0.6516,217,47.0,,0.2128,,,,0.2381,,False,,,,,,,,,,,0.3993,,,,,
e4_zone_sst,zone,sst,stone,mil,on,16,1337,1,40,44,0.6834,148,44.0,,0.1818,,,,0.3199,,False,,,,,,,,,,,0.5061,,,,,
e4_zone_sst,zone,sst,stone,mil,on,16,1337,2,40,47,0.5812,143,47.0,,0.2553,,,,0.553,,False,,,,,,,,,,,0.5789,,,,,
e4_zone_sst,zone,sst,stone,mil,on,16,1337,3,40,44,0.5895,148,44.0,,0.2273,,,,0.4799,,False,,,,,,,,,,,0.555,,,,,
e4_zone_sst,zone,sst,stone,mil,on,16,1337,4,40,47,0.6234,148,47.0,,0.1702,,,,0.4895,,False,,,,,,,,,,,0.4844,,,,,
e4_zone_sst,zone,sst,stone,mil,on,16,2027,0,40,46,0.5922,148,46.0,,0.2174,,,,0.4441,,False,,,,,,,,,,,0.6018,,,,,
e4_zone_sst,zone,sst,stone,mil,on,16,2027,1,40,43,0.6671,137,43.0,,0.1628,,,,0.4568,,False,,,,,,,,,,,0.5569,,,,,
e4_zone_sst,zone,sst,stone,mil,on,16,2027,2,40,48,0.6143,133,48.0,,0.2083,,,,0.3485,,False,,,,,,,,,,,0.6084,,,,,
e4_zone_sst,zone,sst,stone,mil,on,16,2027,3,40,46,0.6533,131,46.0,,0.2391,,,,0.4912,,False,,,,,,,,,,,0.5892,,,,,
e4_zone_sst,zone,sst,stone,mil,on,16,2027,4,40,46,0.6506,133,46.0,,0.1739,,,,0.5187,,False,,,,,,,,,,,0.6037,,,,,
e4_zone_sst,zone,sst,stone,mil,on,16,7,0,40,43,0.5749,132,43.0,,0.2093,,,,0.3976,,False,,,,,,,,,,,0.5138,,,,,
e4_zone_sst,zone,sst,stone,mil,on,16,7,1,40,46,0.5595,134,46.0,,0.3913,,,,0.6543,,False,,,,,,,,,,,0.7854,,,,,
e4_zone_sst,zone,sst,stone,mil,on,16,7,2,40,46,0.7104,135,46.0,,0.2609,,,,0.4852,,False,,,,,,,,,,,0.543,,,,,
e5_zonepos_resnet18,zone,resnet18,stone,mil,on,16,1337,0,40,47,0.5658,187,47.0,,0.2128,,,,0.5226,,False,,,,,,,,,,,0.6161,on,,,,
e5_zonepos_resnet18,zone,resnet18,stone,mil,on,16,1337,1,40,44,0.6996,132,44.0,,0.1818,,,,0.3556,,False,,,,,,,,,,,0.4953,on,,,,
e5_zonepos_resnet18,zone,resnet18,stone,mil,on,16,1337,2,40,47,0.671,128,47.0,,0.4043,,,,0.6112,,False,,,,,,,,,,,0.7046,on,,,,
e5_zonepos_resnet18,zone,resnet18,stone,mil,on,16,1337,3,40,44,0.6298,132,44.0,,0.0909,,,,0.4101,,False,,,,,,,,,,,0.5174,on,,,,
e5_zonepos_resnet18,zone,resnet18,stone,mil,on,16,1337,4,40,47,0.6623,137,47.0,,0.1702,,,,0.4373,,False,,,,,,,,,,,0.5905,on,,,,
e5_zonepos_resnet18,zone,resnet18,stone,mil,on,16,2027,0,40,46,0.6127,133,46.0,,0.1739,,,,0.4422,,False,,,,,,,,,,,0.6148,on,,,,
e5_zonepos_resnet18,zone,resnet18,stone,mil,on,16,2027,1,40,43,0.6659,134,43.0,,0.2093,,,,0.4177,,False,,,,,,,,,,,0.5439,on,,,,
e5_zonepos_resnet18,zone,resnet18,stone,mil,on,16,2027,2,40,48,0.595,131,48.0,,0.2083,,,,0.4707,,False,,,,,,,,,,,0.6333,on,,,,
e5_zonepos_resnet18,zone,resnet18,stone,mil,on,16,2027,3,40,46,0.627,133,46.0,,0.2826,,,,0.4977,,False,,,,,,,,,,,0.555,on,,,,
e5_zonepos_resnet18,zone,resnet18,stone,mil,on,16,2027,4,40,46,0.6509,128,46.0,,0.1522,,,,0.5644,,False,,,,,,,,,,,0.5126,on,,,,
e5_zonepos_resnet18,zone,resnet18,stone,mil,on,16,7,0,40,43,0.675,120,43.0,,0.0465,,,,0.3803,,False,,,,,,,,,,,0.5942,on,,,,
e5_zonepos_resnet18,zone,resnet18,stone,mil,on,16,7,1,40,46,0.5887,129,46.0,,0.2174,,,,0.4377,,False,,,,,,,,,,,0.5508,on,,,,
e5_zonepos_resnet18,zone,resnet18,stone,mil,on,16,7,2,40,46,0.7702,132,46.0,,0.2391,,,,0.4859,,False,,,,,,,,,,,0.5815,on,,,,
e5_zonepos_resnet18,zone,resnet18,stone,mil,on,16,7,3,40,47,0.6267,121,47.0,,0.234,,,,0.4071,,False,,,,,,,,,,,0.5754,on,,,,
e5_zonepos_resnet18,zone,resnet18,stone,mil,on,16,7,4,40,47,0.6331,126,47.0,,0.2766,,,,0.4041,,False,,,,,,,,,,,0.5203,on,,,,
e5_zonepos_resnet18,zone,resnet18,stone,mil,on,16,42,0,40,45,0.5985,124,45.0,,0.2,,,,0.4456,,False,,,,,,,,,,,0.5546,on,,,,
e5_zonepos_resnet18,zone,resnet18,stone,mil,on,16,42,1,40,45,0.5859,129,45.0,,0.4,,,,0.4514,,False,,,,,,,,,,,0.6851,on,,,,
e5_zonepos_resnet18,zone,resnet18,stone,mil,on,16,42,2,40,44,0.6757,129,44.0,,0.3636,,,,0.4907,,False,,,,,,,,,,,0.6568,on,,,,
e5_zonepos_resnet18,zone,resnet18,stone,mil,on,16,42,3,40,47,0.5831,125,47.0,,0.2979,,,,0.5532,,False,,,,,,,,,,,0.6272,on,,,,
e5_zonepos_resnet18,zone,resnet18,stone,mil,on,16,42,4,40,48,0.6721,122,48.0,,0.2917,,,,0.5452,,False,,,,,,,,,,,0.6841,on,,,,
e5_zonepos_resnet18,zone,resnet18,stone,mil,on,16,12345,0,40,44,0.5476,125,44.0,,0.0682,,,,0.5272,,False,,,,,,,,,,,0.4059,on,,,,
e5_zonepos_resnet18,zone,resnet18,stone,mil,on,16,12345,1,40,45,0.6535,137,45.0,,0.2444,,,,0.4183,,False,,,,,,,,,,,0.4866,on,,,,
e5_zonepos_resnet18,zone,resnet18,stone,mil,on,16,12345,2,40,47,0.6032,144,47.0,,0.1915,,,,0.3472,,False,,,,,,,,,,,0.5166,on,,,,
e5_zonepos_resnet18,zone,resnet18,stone,mil,on,16,12345,3,40,48,0.6362,148,48.0,,0.1667,,,,0.433,,False,,,,,,,,,,,0.5985,on,,,,
e5_zonepos_resnet18,zone,resnet18,stone,mil,on,16,12345,4,40,45,0.5358,136,45.0,,0.1556,,,,0.4362,,False,,,,,,,,,,,0.5614,on,,,,
e5_zonepos_sst,zone,sst,stone,mil,on,16,1337,0,40,47,0.4668,142,47.0,,0.2128,,,,0.4505,,False,,,,,,,,,,,0.6631,on,,,,
e5_zonepos_sst,zone,sst,stone,mil,on,16,1337,1,40,44,0.6688,135,44.0,,0.0227,,,,0.3203,,False,,,,,,,,,,,0.3159,on,,,,
e5_zonepos_sst,zone,sst,stone,mil,on,16,1337,2,40,47,0.6009,135,47.0,,0.3404,,,,0.558,,False,,,,,,,,,,,0.6484,on,,,,
e5_zonepos_sst,zone,sst,stone,mil,on,16,1337,3,40,44,0.6221,143,44.0,,0.1364,,,,0.4805,,False,,,,,,,,,,,0.5403,on,,,,
e5_zonepos_sst,zone,sst,stone,mil,on,16,1337,4,40,47,0.6821,141,47.0,,0.3404,,,,0.5678,,False,,,,,,,,,,,0.6252,on,,,,
e5_zonepos_sst,zone,sst,stone,mil,on,16,2027,0,40,46,0.5774,140,46.0,,0.2609,,,,0.5793,,False,,,,,,,,,,,0.6049,on,,,,
e5_zonepos_sst,zone,sst,stone,mil,on,16,2027,1,40,43,0.6583,143,43.0,,0.0465,,,,0.4782,,False,,,,,,,,,,,0.5068,on,,,,
e5_zonepos_sst,zone,sst,stone,mil,on,16,2027,2,40,48,0.549,142,48.0,,0.1875,,,,0.5486,,False,,,,,,,,,,,0.5879,on,,,,
e5_zonepos_sst,zone,sst,stone,mil,on,16,2027,3,40,46,0.6187,140,46.0,,0.1739,,,,0.4078,,False,,,,,,,,,,,0.4302,on,,,,
e5_zonepos_sst,zone,sst,stone,mil,on,16,2027,4,40,46,0.6927,141,46.0,,0.2609,,,,0.4457,,False,,,,,,,,,,,0.5581,on,,,,
e5_zonepos_sst,zone,sst,stone,mil,on,16,7,0,40,43,0.684,144,43.0,,0.3256,,,,0.4063,,False,,,,,,,,,,,0.4692,on,,,,
e5_zonepos_sst,zone,sst,stone,mil,on,16,7,1,40,46,0.5664,139,46.0,,0.2609,,,,0.28,,False,,,,,,,,,,,0.4674,on,,,,
e5_zonepos_sst,zone,sst,stone,mil,on,16,7,2,40,46,0.7655,137,46.0,,0.3043,,,,0.413,,False,,,,,,,,,,,0.5231,on,,,,
e5_zonepos_sst,zone,sst,stone,mil,on,16,7,3,40,47,0.6342,152,47.0,,0.2979,,,,0.6595,,False,,,,,,,,,,,0.6747,on,,,,
e5_zonepos_sst,zone,sst,stone,mil,on,16,7,4,40,47,0.6409,153,47.0,,0.3191,,,,0.4722,,False,,,,,,,,,,,0.5013,on,,,,
e5_zonepos_sst,zone,sst,stone,mil,on,16,42,0,40,45,0.5743,153,45.0,,0.1333,,,,0.4139,,False,,,,,,,,,,,0.4924,on,,,,
e5_zonepos_sst,zone,sst,stone,mil,on,16,42,1,40,45,0.6146,155,45.0,,0.2667,,,,0.3867,,False,,,,,,,,,,,0.4598,on,,,,
e5_zonepos_sst,zone,sst,stone,mil,on,16,42,2,40,44,0.6454,153,44.0,,0.0909,,,,0.3893,,False,,,,,,,,,,,0.3816,on,,,,
e5_zonepos_sst,zone,sst,stone,mil,on,16,42,3,40,47,0.6986,148,47.0,,0.1702,,,,0.5361,,False,,,,,,,,,,,0.5692,on,,,,
e5_zonepos_sst,zone,sst,stone,mil,on,16,42,4,40,48,0.6147,145,48.0,,0.2292,,,,0.441,,False,,,,,,,,,,,0.5021,on,,,,
e5_zonepos_sst,zone,sst,stone,mil,on,16,12345,0,40,44,0.5679,158,44.0,,0.1591,,,,0.5122,,False,,,,,,,,,,,0.4519,on,,,,
e5_zonepos_sst,zone,sst,stone,mil,on,16,12345,1,40,45,0.6301,162,45.0,,0.1111,,,,0.2345,,False,,,,,,,,,,,0.4068,on,,,,
e5_zonepos_sst,zone,sst,stone,mil,on,16,12345,2,40,47,0.6873,166,47.0,,0.1489,,,,0.4099,,False,,,,,,,,,,,0.538,on,,,,
e5_zonepos_sst,zone,sst,stone,mil,on,16,12345,3,40,48,0.5832,160,48.0,,0.1875,,,,0.3696,,False,,,,,,,,,,,0.4725,on,,,,
e5_zonepos_sst,zone,sst,stone,mil,on,16,12345,4,40,45,0.5168,155,45.0,,0.0,,,,0.2016,,False,,,,,,,,,,,0.5054,on,,,,
e6_zonecor_sst,zone,sst,cor,mil,on,16,1337,0,40,47,0.4763,337,47.0,,0.1915,,,,0.3359,,False,,,,,,,,,,,0.4636,off,,,,
e6_zonecor_sst,zone,sst,cor,mil,on,16,1337,1,40,44,0.7287,200,44.0,,0.1818,,,,0.3764,,False,,,,,,,,,,,0.5326,off,,,,
e6_zonecor_sst,zone,sst,cor,mil,on,16,1337,2,40,47,0.5826,185,47.0,,0.2128,,,,0.5046,,False,,,,,,,,,,,0.6504,off,,,,
e6_zonecor_sst,zone,sst,cor,mil,on,16,1337,3,40,44,0.7278,193,44.0,,0.3182,,,,0.526,,False,,,,,,,,,,,0.6616,off,,,,
e6_zonecor_sst,zone,sst,cor,mil,on,16,1337,4,40,47,0.6602,191,47.0,,0.2979,,,,0.5787,,False,,,,,,,,,,,0.6113,off,,,,
e6_zonecor_resnet18,zone,resnet18,cor,mil,on,16,1337,0,40,47,0.4978,191,47.0,,0.1915,,,,0.4899,,False,,,,,,,,,,,0.5496,off,,,,
e6_zonecor_resnet18,zone,resnet18,cor,mil,on,16,1337,1,40,44,0.7641,182,44.0,,0.25,,,,0.4437,,False,,,,,,,,,,,0.5441,off,,,,
e6_zonecor_resnet18,zone,resnet18,cor,mil,on,16,1337,2,40,47,0.7028,181,47.0,,0.2766,,,,0.4608,,False,,,,,,,,,,,0.5898,off,,,,
e6_zonecor_resnet18,zone,resnet18,cor,mil,on,16,1337,3,40,44,0.7501,198,44.0,,0.4318,,,,0.588,,False,,,,,,,,,,,0.6575,off,,,,
e6_zonecor_resnet18,zone,resnet18,cor,mil,on,16,1337,4,40,47,0.6234,194,47.0,,0.2979,,,,0.5694,,False,,,,,,,,,,,0.6616,off,,,,
e7_2stage_resnet18,zone,resnet18,stone,two_stage,on,16,1337,0,40,47,0.9873,304,,,0.6809,,,,0.1569,0.5106,False,,,,,,,,,,,0.7424,off,0.3,0.65,47.0,0.9873
e7_2stage_resnet18,zone,resnet18,stone,two_stage,on,16,1337,1,40,44,0.9719,226,,,0.7273,,,,0.0741,0.5909,False,,,,,,,,,,,0.7548,off,0.375,0.675,44.0,0.9719
e7_2stage_resnet18,zone,resnet18,stone,two_stage,on,16,1337,2,40,47,0.998,212,,,0.6383,,,,0.1754,0.4894,False,,,,,,,,,,,0.734,off,0.375,0.7,47.0,0.998
e7_2stage_resnet18,zone,resnet18,stone,two_stage,on,16,1337,3,40,44,0.9887,212,,,0.6977,,,,0.0392,0.5116,False,,,,,,,,,,,0.6644,off,0.3,0.7,43.0,0.9887
e7_2stage_resnet18,zone,resnet18,stone,two_stage,on,16,1337,4,40,47,0.992,217,,,0.8043,,,,0.2564,0.4348,False,,,,,,,,,,,0.833,off,0.35,0.7,46.0,0.992
e7_2stage_resnet18,zone,resnet18,stone,two_stage,on,16,2027,0,40,46,0.9592,216,,,0.6667,,,,0.1053,0.4889,False,,,,,,,,,,,0.7147,off,0.325,0.7,45.0,0.9592
e7_2stage_resnet18,zone,resnet18,stone,two_stage,on,16,2027,1,40,43,0.9947,213,,,0.6279,,,,0.1111,0.5116,False,,,,,,,,,,,0.6884,off,0.35,0.7,43.0,0.9947
e7_2stage_resnet18,zone,resnet18,stone,two_stage,on,16,2027,2,40,48,0.985,217,,,0.7234,,,,0.2,0.4894,False,,,,,,,,,,,0.7763,off,0.375,0.7,47.0,0.985
e7_2stage_resnet18,zone,resnet18,stone,two_stage,on,16,2027,3,40,46,1.0,216,,,0.6522,,,,0.2353,0.6087,False,,,,,,,,,,,0.8933,off,0.35,0.65,46.0,1.0
e7_2stage_resnet18,zone,resnet18,stone,two_stage,on,16,2027,4,40,46,0.988,216,,,0.8043,,,,0.1404,0.5217,False,,,,,,,,,,,0.8139,off,0.35,0.65,46.0,0.988
e7_2stage_resnet18,zone,resnet18,stone,two_stage,on,16,7,0,40,43,0.9833,216,,,0.6429,,,,0.0741,0.7143,False,,,,,,,,,,,0.6767,off,0.325,0.7,42.0,0.9833
e7_2stage_resnet18,zone,resnet18,stone,two_stage,on,16,7,1,40,46,0.9979,213,,,0.7391,,,,0.2051,0.5,False,,,,,,,,,,,0.7885,off,0.375,0.7,46.0,0.9979
e7_2stage_resnet18,zone,resnet18,stone,two_stage,on,16,7,2,40,46,0.9936,218,,,0.6522,,,,0.1961,0.5435,False,,,,,,,,,,,0.7752,off,0.375,0.725,46.0,0.9936
e7_2stage_resnet18,zone,resnet18,stone,two_stage,on,16,7,3,40,47,0.9767,221,,,0.6596,,,,0.1818,0.4894,False,,,,,,,,,,,0.8219,off,0.4,0.65,47.0,0.9767
e7_2stage_resnet18,zone,resnet18,stone,two_stage,on,16,7,4,40,47,0.9789,218,,,0.6957,,,,0.2222,0.5,False,,,,,,,,,,,0.8142,off,0.3,0.725,46.0,0.9789
e7_2stage_resnet18,zone,resnet18,stone,two_stage,on,16,42,0,40,45,0.9894,221,,,0.7273,,,,0.2029,0.5227,False,,,,,,,,,,,0.7859,off,0.4,0.7,44.0,0.9894
e7_2stage_resnet18,zone,resnet18,stone,two_stage,on,16,42,1,40,45,0.9894,216,,,0.6222,,,,0.0889,0.6,False,,,,,,,,,,,0.7614,off,0.375,0.65,45.0,0.9894
e7_2stage_resnet18,zone,resnet18,stone,two_stage,on,16,42,2,40,44,0.9777,220,,,0.6977,,,,0.1449,0.4419,False,,,,,,,,,,,0.7456,off,0.375,0.7,43.0,0.9777
e7_2stage_resnet18,zone,resnet18,stone,two_stage,on,16,42,3,40,47,1.0,215,,,0.7447,,,,0.2222,0.4468,False,,,,,,,,,,,0.8111,off,0.325,0.725,47.0,1.0
e7_2stage_resnet18,zone,resnet18,stone,two_stage,on,16,42,4,40,48,0.9986,215,,,0.75,,,,0.1026,0.5625,False,,,,,,,,,,,0.7614,off,0.325,0.7,48.0,0.9986
e7_2stage_resnet18,zone,resnet18,stone,two_stage,on,16,12345,0,40,44,0.9947,217,,,0.6136,,,,0.1739,0.6136,False,,,,,,,,,,,0.763,off,0.35,0.7,44.0,0.9947
e7_2stage_resnet18,zone,resnet18,stone,two_stage,on,16,12345,1,40,45,0.9833,217,,,0.75,,,,0.1905,0.4773,False,,,,,,,,,,,0.7973,off,0.325,0.65,44.0,0.9833
e7_2stage_resnet18,zone,resnet18,stone,two_stage,on,16,12345,2,40,47,0.985,214,,,0.6304,,,,0.2308,0.4783,False,,,,,,,,,,,0.7071,off,0.3,0.7,46.0,0.985
e7_2stage_resnet18,zone,resnet18,stone,two_stage,on,16,12345,3,40,48,0.9662,222,,,0.7917,,,,0.1667,0.4792,False,,,,,,,,,,,0.8235,off,0.325,0.65,48.0,0.9662
e7_2stage_resnet18,zone,resnet18,stone,two_stage,on,16,12345,4,40,45,0.9979,220,,,0.6667,,,,0.1111,0.4667,False,,,,,,,,,,,0.7291,off,0.375,0.7,45.0,0.9979
e7_2stage_sst,zone,sst,stone,two_stage,on,16,1337,0,40,47,0.988,235,,,0.766,,,,0.1587,0.5106,False,,,,,,,,,,,0.7759,off,0.325,0.7,47.0,0.988
e7_2stage_sst,zone,sst,stone,two_stage,on,16,1337,1,40,44,0.9873,229,,,0.6591,,,,0.0635,0.5909,False,,,,,,,,,,,0.7311,off,0.375,0.65,44.0,0.9873
e7_2stage_sst,zone,sst,stone,two_stage,on,16,1337,2,40,47,0.9993,223,,,0.766,,,,0.2222,0.4894,False,,,,,,,,,,,0.8091,off,0.325,0.7,47.0,0.9993
e7_2stage_sst,zone,sst,stone,two_stage,on,16,1337,3,40,44,0.9852,223,,,0.6744,,,,0.0833,0.5116,False,,,,,,,,,,,0.6696,off,0.3,0.7,43.0,0.9852
e7_2stage_sst,zone,sst,stone,two_stage,on,16,1337,4,40,47,0.9847,227,,,0.6522,,,,0.2963,0.4348,False,,,,,,,,,,,0.8358,off,0.325,0.725,46.0,0.9847
e7_2stage_sst,zone,sst,stone,two_stage,on,16,2027,0,40,46,0.974,226,,,0.8444,,,,0.1159,0.4889,False,,,,,,,,,,,0.8216,off,0.3,0.7,45.0,0.974
e7_2stage_sst,zone,sst,stone,two_stage,on,16,2027,1,40,43,0.9853,226,,,0.6279,,,,0.1587,0.5116,False,,,,,,,,,,,0.7505,off,0.35,0.65,43.0,0.9853
e7_2stage_sst,zone,sst,stone,two_stage,on,16,2027,2,40,48,0.9829,227,,,0.7021,,,,0.24,0.4894,False,,,,,,,,,,,0.835,off,0.375,0.7,47.0,0.9829
e7_2stage_sst,zone,sst,stone,two_stage,on,16,2027,3,40,46,0.9973,224,,,0.7174,,,,0.2105,0.6087,False,,,,,,,,,,,0.8449,off,0.4,0.775,46.0,0.9973
e7_2stage_sst,zone,sst,stone,two_stage,on,16,2027,4,40,46,0.9972,226,,,0.6739,,,,0.1333,0.5217,False,,,,,,,,,,,0.7794,off,0.275,0.65,46.0,0.9972
e7_2stage_sst,zone,sst,stone,two_stage,on,16,7,0,40,43,0.976,223,,,0.7619,,,,0.0392,0.7143,False,,,,,,,,,,,0.6619,off,0.35,0.675,42.0,0.976
e7_2stage_sst,zone,sst,stone,two_stage,on,16,7,1,40,46,0.9965,221,,,0.6304,,,,0.1975,0.5,False,,,,,,,,,,,0.7719,off,0.375,0.7,46.0,0.9965
e7_2stage_sst,zone,sst,stone,two_stage,on,16,7,2,40,46,0.9879,224,,,0.7391,,,,0.1,0.5435,False,,,,,,,,,,,0.7829,off,0.35,0.65,46.0,0.9879
e7_2stage_sst,zone,sst,stone,two_stage,on,16,7,3,40,47,0.99,228,,,0.766,,,,0.1905,0.4894,False,,,,,,,,,,,0.8351,off,0.35,0.7,47.0,0.99
e7_2stage_sst,zone,sst,stone,two_stage,on,16,7,4,40,47,0.9909,225,,,0.8043,,,,0.1852,0.5,False,,,,,,,,,,,0.8348,off,0.35,0.725,46.0,0.9909
e7_2stage_sst,zone,sst,stone,two_stage,on,16,42,0,40,45,0.9923,228,,,0.75,,,,0.2029,0.5227,False,,,,,,,,,,,0.8008,off,0.3,0.675,44.0,0.9923
e7_2stage_sst,zone,sst,stone,two_stage,on,16,42,1,40,45,0.9866,221,,,0.7111,,,,0.0952,0.6,False,,,,,,,,,,,0.8568,off,0.375,0.65,45.0,0.9866
e7_2stage_sst,zone,sst,stone,two_stage,on,16,42,2,40,44,0.9865,227,,,0.7209,,,,0.1515,0.4419,False,,,,,,,,,,,0.7935,off,0.35,0.725,43.0,0.9865
e7_2stage_sst,zone,sst,stone,two_stage,on,16,42,3,40,47,1.0,223,,,0.6383,,,,0.1404,0.4468,False,,,,,,,,,,,0.684,off,0.35,0.65,47.0,1.0
e7_2stage_sst,zone,sst,stone,two_stage,on,16,42,4,40,48,0.9937,222,,,0.7708,,,,0.1333,0.5625,False,,,,,,,,,,,0.7479,off,0.35,0.7,48.0,0.9937
e7_2stage_sst,zone,sst,stone,two_stage,on,16,12345,0,40,44,0.9967,224,,,0.6818,,,,0.1728,0.6136,False,,,,,,,,,,,0.8082,off,0.325,0.7,44.0,0.9967
e7_2stage_sst,zone,sst,stone,two_stage,on,16,12345,1,40,45,0.9887,224,,,0.75,,,,0.1667,0.4773,False,,,,,,,,,,,0.778,off,0.35,0.7,44.0,0.9887
e7_2stage_sst,zone,sst,stone,two_stage,on,16,12345,2,40,47,0.9914,220,,,0.7174,,,,0.1867,0.4783,False,,,,,,,,,,,0.7066,off,0.375,0.65,46.0,0.9914
e7_2stage_sst,zone,sst,stone,two_stage,on,16,12345,3,40,48,0.9704,229,,,0.7708,,,,0.1404,0.4792,False,,,,,,,,,,,0.8088,off,0.325,0.65,48.0,0.9704
e7_2stage_sst,zone,sst,stone,two_stage,on,16,12345,4,40,45,1.0,227,,,0.7333,,,,0.1111,0.4667,False,,,,,,,,,,,0.8198,off,0.375,0.7,45.0,1.0
fig_ckpt,has_stone,resnet18,stone,mil,on,16,1337,0,40,80,0.9873,259,80.0,0.9827,0.9375,0.8619,0.973,0.9167,0.9307,0.625,False,39.0,,1.0,0.9103,1.0,1.0,1.0,1.0,True,,,off,,,,
e8_size_axcor,size3,sst,axcor,mil,on,16,1337,0,40,47,0.6816,392,47.0,,0.6383,,,0.5832,0.5735,0.4043,False,,,,,,,,,,0.5729,,off,,,,
e8_size_axcor,size3,sst,axcor,mil,on,16,1337,1,40,44,0.7786,225,44.0,,0.7955,,,0.7208,0.7294,0.4318,False,,,,,,,,,,0.7857,,off,,,,
e8_size_axcor,size3,sst,axcor,mil,on,16,1337,2,40,47,0.7921,222,47.0,,0.766,,,0.6704,0.6651,0.4255,False,,,,,,,,,,0.6821,,off,,,,
e8_size_axcor,size3,sst,axcor,mil,on,16,1337,3,40,44,0.5976,222,44.0,,0.7045,,,0.6068,0.5773,0.4091,False,,,,,,,,,,0.5476,,off,,,,
e8_size_axcor,size3,sst,axcor,mil,on,16,1337,4,40,47,0.6496,218,47.0,,0.7447,,,0.6632,0.6484,0.4043,False,,,,,,,,,,0.7384,,off,,,,
e8_size_cor,size3,sst,cor,mil,on,16,1337,0,40,47,0.468,189,47.0,,0.3617,,,0.3682,0.366,0.4043,False,,,,,,,,,,0.3268,,off,,,,
e8_size_cor,size3,sst,cor,mil,on,16,1337,1,40,44,0.5541,186,44.0,,0.7045,,,0.5604,0.511,0.4318,False,,,,,,,,,,0.6389,,off,,,,
e8_size_cor,size3,sst,cor,mil,on,16,1337,2,40,47,0.5602,181,47.0,,0.7021,,,0.5778,0.5252,0.4255,False,,,,,,,,,,0.5917,,off,,,,
e8_size_cor,size3,sst,cor,mil,on,16,1337,3,40,44,0.7147,184,44.0,,0.7955,,,0.7549,0.7677,0.4091,False,,,,,,,,,,0.7493,,off,,,,
e8_size_cor,size3,sst,cor,mil,on,16,1337,4,40,47,0.465,185,47.0,,0.6383,,,0.5419,0.4856,0.4043,False,,,,,,,,,,0.5369,,off,,,,
e9_hs_sst,has_stone,sst,stone,mil,on,16,1337,0,40,78,0.9887,291,78,0.9838,0.9487,0.8754,0.9799,0.9381,0.9443,0.6282,False,39,nan,1.0,0.9103,1.0,1.0,1.0,1.0,True,,,off,,,,
e9_hs_sst,has_stone,sst,stone,mil,on,16,1337,1,40,78,0.9916,230,78,0.969,0.8974,0.8105,0.9471,0.8761,0.8867,0.6282,False,39,nan,1.0,0.9103,1.0,1.0,1.0,1.0,True,,,off,,,,
e9_hs_sst,has_stone,sst,stone,mil,on,16,1337,2,40,78,0.9957,220,78,0.9796,0.9359,0.8586,0.9723,0.9208,0.9298,0.6282,False,39,nan,0.9744,0.8682,0.9955,0.9744,0.4935,1.0,True,,,off,,,,
e9_hs_sst,has_stone,sst,stone,mil,on,16,1337,3,40,78,0.9845,218,78,0.9757,0.9615,0.8929,0.9868,0.9621,0.9585,0.641,False,39,nan,0.9744,0.8682,0.9955,0.9744,0.4935,1.0,True,,,off,,,,
e9_hs_sst,has_stone,sst,stone,mil,on,16,1337,4,40,78,0.9901,221,78,0.9817,0.9615,0.8929,0.9868,0.9553,0.9585,0.6282,False,39,nan,0.9744,0.8682,0.9955,0.9744,0.4935,1.0,True,,,off,,,,
e9_size_sst,size3,sst,stone,mil,on,16,1337,0,40,46,0.8489,172,46,,0.6304,,,0.6178,0.6084,0.413,False,,,,,,,,,,0.5747,,off,,,,
e9_size_sst,size3,sst,stone,mil,on,16,1337,1,40,44,0.792,134,44,,0.9318,,,0.9163,0.9302,0.4318,False,,,,,,,,,,0.9302,,off,,,,
e9_size_sst,size3,sst,stone,mil,on,16,1337,2,40,47,0.8516,132,47,,0.7021,,,0.6519,0.6499,0.4255,False,,,,,,,,,,0.687,,off,,,,
e9_size_sst,size3,sst,stone,mil,on,16,1337,3,40,43,0.7976,136,43,,0.6977,,,0.6181,0.6101,0.4186,False,,,,,,,,,,0.6367,,off,,,,
e9_size_sst,size3,sst,stone,mil,on,16,1337,4,40,47,0.7257,198,47,,0.7447,,,0.6938,0.7017,0.4043,False,,,,,,,,,,0.7528,,off,,,,
e9_2stage_sst,zone,sst,stone,two_stage,on,16,1337,0,40,46,0.9887,405,,,0.7609,,,,0.1333,0.5,False,,,,,,,,,,,0.748,off,0.35,0.7,46,0.9887
e9_2stage_sst,zone,sst,stone,two_stage,on,16,1337,1,40,44,0.9916,244,,,0.7045,,,,0.1176,0.5909,False,,,,,,,,,,,0.8537,off,0.375,0.75,44,0.9916
e9_2stage_sst,zone,sst,stone,two_stage,on,16,1337,2,40,47,0.9957,479,,,0.766,,,,0.2222,0.4894,False,,,,,,,,,,,0.8139,off,0.325,0.7,47,0.9957
e9_2stage_sst,zone,sst,stone,two_stage,on,16,1337,3,40,43,0.9845,444,,,0.7143,,,,0.0476,0.5238,False,,,,,,,,,,,0.6175,off,0.375,0.725,42,0.9845
e9_2stage_sst,zone,sst,stone,two_stage,on,16,1337,4,40,47,0.9901,563,,,0.7826,,,,0.2469,0.4348,False,,,,,,,,,,,0.8499,off,0.3,0.7,46,0.9901
e9_2stage_sst,zone,sst,stone,two_stage,on,16,2027,0,40,46,0.9901,419,,,0.6222,,,,0.1754,0.4889,False,,,,,,,,,,,0.7614,off,0.35,0.7,45,0.9901
e9_2stage_sst,zone,sst,stone,two_stage,on,16,2027,1,40,43,0.9873,243,,,0.6047,,,,0.1961,0.5116,False,,,,,,,,,,,0.7591,off,0.35,0.65,43,0.9873
e9_2stage_sst,zone,sst,stone,two_stage,on,16,2027,2,40,47,0.9871,244,,,0.7174,,,,0.1739,0.4783,False,,,,,,,,,,,0.732,off,0.325,0.7,46,0.9871
e9_2stage_sst,zone,sst,stone,two_stage,on,16,2027,3,40,46,1.0,243,,,0.6304,,,,0.2105,0.6087,False,,,,,,,,,,,0.8843,off,0.425,0.65,46,1.0
e9_2stage_sst,zone,sst,stone,two_stage,on,16,2027,4,40,45,0.9965,239,,,0.7333,,,,0.1515,0.5111,False,,,,,,,,,,,0.7962,off,0.3,0.725,45,0.9965
e9_2stage_sst,zone,sst,stone,two_stage,on,16,7,0,40,43,0.9894,235,,,0.619,,,,0.0702,0.7143,False,,,,,,,,,,,0.6835,off,0.4,0.7,42,0.9894
e9_2stage_sst,zone,sst,stone,two_stage,on,16,7,1,40,45,0.9958,234,,,0.6667,,,,0.2222,0.4889,False,,,,,,,,,,,0.7504,off,0.325,0.7,45,0.9958
e9_2stage_sst,zone,sst,stone,two_stage,on,16,7,2,40,46,0.9936,237,,,0.6087,,,,0.1852,0.5435,False,,,,,,,,,,,0.823,off,0.4,0.7,46,0.9936
e9_2stage_sst,zone,sst,stone,two_stage,on,16,7,3,40,47,0.9796,242,,,0.7447,,,,0.1818,0.4894,False,,,,,,,,,,,0.8197,off,0.375,0.65,47,0.9796
e9_2stage_sst,zone,sst,stone,two_stage,on,16,7,4,40,46,0.9972,230,,,0.6667,,,,0.2083,0.4889,False,,,,,,,,,,,0.7454,off,0.35,0.65,45,0.9972
e9_2stage_sst,zone,sst,stone,two_stage,on,16,42,0,40,45,0.9944,226,,,0.7045,,,,0.2029,0.5227,False,,,,,,,,,,,0.8298,off,0.425,0.65,44,0.9944
e9_2stage_sst,zone,sst,stone,two_stage,on,16,42,1,40,45,0.9859,221,,,0.6889,,,,0.1026,0.6,False,,,,,,,,,,,0.834,off,0.325,0.65,45,0.9859
e9_2stage_sst,zone,sst,stone,two_stage,on,16,42,2,40,44,0.9807,226,,,0.7674,,,,0.1515,0.4419,False,,,,,,,,,,,0.7655,off,0.4,0.7,43,0.9807
e9_2stage_sst,zone,sst,stone,two_stage,on,16,42,3,40,46,1.0,221,,,0.6304,,,,0.1404,0.4348,False,,,,,,,,,,,0.6771,off,0.35,0.65,46,1.0
e9_2stage_sst,zone,sst,stone,two_stage,on,16,42,4,40,47,0.9979,222,,,0.7234,,,,0.1569,0.5532,False,,,,,,,,,,,0.8088,off,0.325,0.7,47,0.9979
e9_2stage_sst,zone,sst,stone,two_stage,on,16,12345,0,40,44,0.9972,222,,,0.75,,,,0.1556,0.6136,False,,,,,,,,,,,0.8179,off,0.325,0.7,44,0.9972
e9_2stage_sst,zone,sst,stone,two_stage,on,16,12345,1,40,44,0.988,224,,,0.7442,,,,0.1667,0.4884,False,,,,,,,,,,,0.7712,off,0.35,0.7,43,0.988
e9_2stage_sst,zone,sst,stone,two_stage,on,16,12345,2,40,46,0.9857,219,,,0.6222,,,,0.2029,0.4667,False,,,,,,,,,,,0.6908,off,0.325,0.75,45,0.9857
e9_2stage_sst,zone,sst,stone,two_stage,on,16,12345,3,40,48,0.9768,229,,,0.6458,,,,0.0889,0.4792,False,,,,,,,,,,,0.7817,off,0.35,0.625,48,0.9768
e9_2stage_sst,zone,sst,stone,two_stage,on,16,12345,4,40,45,1.0,225,,,0.7333,,,,0.0784,0.4667,False,,,,,,,,,,,0.8113,off,0.325,0.7,45,1.0
e9_hs_resnet18,has_stone,resnet18,stone,mil,on,16,1337,0,40,78,0.9852,304,78,0.9831,0.9103,0.8262,0.9558,0.8863,0.9,0.6282,False,39,nan,0.9744,0.8682,0.9955,0.9744,0.4935,1.0,True,,,off,,,,
e9_hs_resnet18,has_stone,resnet18,stone,mil,on,16,1337,1,40,78,0.9669,219,78,0.9437,0.8846,0.795,0.9381,0.88,0.8773,0.6282,False,39,nan,0.9487,0.8311,0.9858,0.9487,0.4868,1.0,True,,,off,,,,
e9_hs_resnet18,has_stone,resnet18,stone,mil,on,16,1337,2,40,78,0.9964,214,78,0.969,0.8974,0.8105,0.9471,0.8691,0.8846,0.6282,False,39,nan,0.9744,0.8682,0.9955,0.9744,0.4935,1.0,True,,,off,,,,
e9_hs_resnet18,has_stone,resnet18,stone,mil,on,16,1337,3,40,78,0.9923,215,78,0.9671,0.9487,0.8754,0.9799,0.96,0.9458,0.641,False,39,nan,0.9231,0.7968,0.9735,0.9231,0.48,1.0,True,,,off,,,,
e9_hs_resnet18,has_stone,resnet18,stone,mil,on,16,1337,4,40,78,0.9824,218,78,0.9845,0.9615,0.8929,0.9868,0.9624,0.9591,0.6282,False,39,nan,0.9744,0.8682,0.9955,0.9744,0.4935,1.0,True,,,off,,,,
e9_size_resnet18,size3,resnet18,stone,mil,on,16,1337,0,40,46,0.8994,128,46,,0.6957,,,0.6807,0.6862,0.413,False,,,,,,,,,,0.6095,,off,,,,
e9_size_resnet18,size3,resnet18,stone,mil,on,16,1337,1,40,44,0.751,124,44,,0.75,,,0.6848,0.6895,0.4318,False,,,,,,,,,,0.7442,,off,,,,
e9_size_resnet18,size3,resnet18,stone,mil,on,16,1337,2,40,47,0.7916,121,47,,0.6809,,,0.6537,0.6473,0.4255,False,,,,,,,,,,0.6928,,off,,,,
e9_size_resnet18,size3,resnet18,stone,mil,on,16,1337,3,40,43,0.7455,124,43,,0.7674,,,0.7477,0.7477,0.4186,False,,,,,,,,,,0.8009,,off,,,,
e9_size_resnet18,size3,resnet18,stone,mil,on,16,1337,4,40,47,0.6755,123,47,,0.7872,,,0.7298,0.7355,0.4043,False,,,,,,,,,,0.794,,off,,,,
e9_2stage_resnet18,zone,resnet18,stone,two_stage,on,16,1337,0,40,46,0.9852,216,,,0.6522,,,,0.1587,0.5,False,,,,,,,,,,,0.7449,off,0.3,0.65,46,0.9852
e9_2stage_resnet18,zone,resnet18,stone,two_stage,on,16,1337,1,40,44,0.9669,221,,,0.6818,,,,0.0889,0.5909,False,,,,,,,,,,,0.7721,off,0.35,0.65,44,0.9669
e9_2stage_resnet18,zone,resnet18,stone,two_stage,on,16,1337,2,40,47,0.9964,213,,,0.7021,,,,0.2105,0.4894,False,,,,,,,,,,,0.8043,off,0.375,0.65,47,0.9964
e9_2stage_resnet18,zone,resnet18,stone,two_stage,on,16,1337,3,40,43,0.9923,214,,,0.6667,,,,0.0417,0.5238,False,,,,,,,,,,,0.6383,off,0.375,0.7,42,0.9923
e9_2stage_resnet18,zone,resnet18,stone,two_stage,on,16,1337,4,40,47,0.9824,218,,,0.6957,,,,0.2716,0.4348,False,,,,,,,,,,,0.8173,off,0.35,0.7,46,0.9824
e9_2stage_resnet18,zone,resnet18,stone,two_stage,on,16,2027,0,40,46,0.9655,218,,,0.7778,,,,0.1053,0.4889,False,,,,,,,,,,,0.7412,off,0.325,0.7,45,0.9655
e9_2stage_resnet18,zone,resnet18,stone,two_stage,on,16,2027,1,40,43,0.9873,213,,,0.6279,,,,0.1587,0.5116,False,,,,,,,,,,,0.7588,off,0.3,0.65,43,0.9873
e9_2stage_resnet18,zone,resnet18,stone,two_stage,on,16,2027,2,40,47,0.9936,218,,,0.6304,,,,0.2121,0.4783,False,,,,,,,,,,,0.7831,off,0.375,0.725,46,0.9936
e9_2stage_resnet18,zone,resnet18,stone,two_stage,on,16,2027,3,40,46,0.993,214,,,0.7391,,,,0.2105,0.6087,False,,,,,,,,,,,0.8398,off,0.35,0.65,46,0.993
e9_2stage_resnet18,zone,resnet18,stone,two_stage,on,16,2027,4,40,45,0.9887,217,,,0.6889,,,,0.1905,0.5111,False,,,,,,,,,,,0.7596,off,0.325,0.65,45,0.9887
e9_2stage_resnet18,zone,resnet18,stone,two_stage,on,16,7,0,40,43,0.9937,214,,,0.7143,,,,0.0833,0.7143,False,,,,,,,,,,,0.737,off,0.325,0.65,42,0.9937
e9_2stage_resnet18,zone,resnet18,stone,two_stage,on,16,7,1,40,45,0.9972,213,,,0.7333,,,,0.1739,0.4889,False,,,,,,,,,,,0.7982,off,0.375,0.7,45,0.9972
e9_2stage_resnet18,zone,resnet18,stone,two_stage,on,16,7,2,40,46,0.9929,215,,,0.6739,,,,0.1333,0.5435,False,,,,,,,,,,,0.7486,off,0.3,0.7,46,0.9929
e9_2stage_resnet18,zone,resnet18,stone,two_stage,on,16,7,3,40,47,0.9768,220,,,0.7021,,,,0.1944,0.4894,False,,,,,,,,,,,0.7988,off,0.375,0.65,47,0.9768
e9_2stage_resnet18,zone,resnet18,stone,two_stage,on,16,7,4,40,46,0.9916,218,,,0.7111,,,,0.2222,0.4889,False,,,,,,,,,,,0.8345,off,0.3,0.7,45,0.9916
e9_2stage_resnet18,zone,resnet18,stone,two_stage,on,16,42,0,40,45,0.9901,219,,,0.7273,,,,0.2029,0.5227,False,,,,,,,,,,,0.8037,off,0.325,0.675,44,0.9901
e9_2stage_resnet18,zone,resnet18,stone,two_stage,on,16,42,1,40,45,0.993,213,,,0.7111,,,,0.0833,0.6,False,,,,,,,,,,,0.8426,off,0.375,0.65,45,0.993
e9_2stage_resnet18,zone,resnet18,stone,two_stage,on,16,42,2,40,44,0.9714,219,,,0.6744,,,,0.1404,0.4419,False,,,,,,,,,,,0.7441,off,0.325,0.65,43,0.9714
e9_2stage_resnet18,zone,resnet18,stone,two_stage,on,16,42,3,40,46,1.0,214,,,0.7391,,,,0.2222,0.4348,False,,,,,,,,,,,0.8069,off,0.325,0.725,46,1.0
e9_2stage_resnet18,zone,resnet18,stone,two_stage,on,16,42,4,40,47,0.9986,215,,,0.7021,,,,0.125,0.5532,False,,,,,,,,,,,0.7293,off,0.375,0.7,47,0.9986
e9_2stage_resnet18,zone,resnet18,stone,two_stage,on,16,12345,0,40,44,0.9965,215,,,0.6364,,,,0.1333,0.6136,False,,,,,,,,,,,0.7522,off,0.35,0.7,44,0.9965
e9_2stage_resnet18,zone,resnet18,stone,two_stage,on,16,12345,1,40,44,0.9824,217,,,0.7442,,,,0.1905,0.4884,False,,,,,,,,,,,0.7921,off,0.325,0.65,43,0.9824
e9_2stage_resnet18,zone,resnet18,stone,two_stage,on,16,12345,2,40,46,0.9886,213,,,0.6,,,,0.2222,0.4667,False,,,,,,,,,,,0.711,off,0.35,0.65,45,0.9886
e9_2stage_resnet18,zone,resnet18,stone,two_stage,on,16,12345,3,40,48,0.9704,222,,,0.7708,,,,0.127,0.4792,False,,,,,,,,,,,0.8522,off,0.325,0.675,48,0.9704
e9_2stage_resnet18,zone,resnet18,stone,two_stage,on,16,12345,4,40,45,0.9986,215,,,0.6444,,,,0.1176,0.4667,False,,,,,,,,,,,0.7983,off,0.325,0.675,45,0.9986
e9_hs_sst,has_stone,sst,stone,mil,on,16,2027,0,40,78,0.9901,229,78,0.9719,0.8974,0.8105,0.9471,0.8761,0.8867,0.6282,False,39,nan,1.0,0.9103,1.0,1.0,1.0,1.0,True,,,off,,,,
e9_hs_sst,has_stone,sst,stone,mil,on,16,2027,1,40,78,0.9873,217,78,0.9585,0.9103,0.8262,0.9558,0.9075,0.9046,0.6282,False,39,nan,0.8974,0.7642,0.9594,0.8974,0.473,1.0,False,,,off,,,,
e9_hs_sst,has_stone,sst,stone,mil,on,16,2027,2,40,78,0.9871,221,78,0.9859,0.9615,0.8929,0.9868,0.9624,0.9591,0.6282,False,39,nan,0.9744,0.8682,0.9955,0.9744,0.4935,1.0,True,,,off,,,,
e9_hs_sst,has_stone,sst,stone,mil,on,16,2027,3,40,78,1.0,220,78,0.9871,0.9615,0.8929,0.9868,0.9621,0.9585,0.641,False,39,nan,0.9744,0.8682,0.9955,0.9744,0.4935,1.0,True,,,off,,,,
e9_hs_sst,has_stone,sst,stone,mil,on,16,2027,4,40,78,0.9965,223,78,0.9704,0.8846,0.795,0.9381,0.8659,0.8736,0.6282,False,39,nan,0.9487,0.8311,0.9858,0.9487,0.4868,1.0,True,,,off,,,,
e9_hs_sst,has_stone,sst,stone,mil,on,16,7,0,40,78,0.9894,220,78,0.9958,0.9744,0.9112,0.9929,0.9655,0.9721,0.6282,False,39,nan,1.0,0.9103,1.0,1.0,1.0,1.0,True,,,off,,,,
e9_hs_sst,has_stone,sst,stone,mil,on,16,7,1,40,78,0.9958,219,78,0.9845,0.9615,0.8929,0.9868,0.9694,0.9596,0.6282,False,39,nan,0.9487,0.8311,0.9858,0.9487,0.4868,1.0,True,,,off,,,,
e9_hs_sst,has_stone,sst,stone,mil,on,16,7,2,40,78,0.9936,222,78,0.9937,0.9615,0.8929,0.9868,0.9483,0.9579,0.6282,False,39,nan,1.0,0.9103,1.0,1.0,1.0,1.0,True,,,off,,,,
e9_hs_sst,has_stone,sst,stone,mil,on,16,7,3,40,78,0.9796,225,78,0.9814,0.9615,0.8929,0.9868,0.97,0.9591,0.641,False,39,nan,1.0,0.9103,1.0,1.0,1.0,1.0,True,,,off,,,,
e9_hs_sst,has_stone,sst,stone,mil,on,16,7,4,40,78,0.9972,223,78,0.943,0.8462,0.7501,0.9097,0.8142,0.8269,0.6282,False,39,nan,0.9231,0.7968,0.9735,0.9231,0.48,1.0,True,,,off,,,,
e9_hs_sst,has_stone,sst,stone,mil,on,16,42,0,40,78,0.9944,224,78,0.9937,0.9103,0.8262,0.9558,0.9286,0.9077,0.6282,False,39,nan,0.9231,0.7968,0.9735,0.9231,0.48,1.0,True,,,off,,,,
e9_hs_sst,has_stone,sst,stone,mil,on,16,42,1,40,78,0.9859,219,78,0.9845,0.9231,0.8422,0.9643,0.9036,0.915,0.6282,False,39,nan,1.0,0.9103,1.0,1.0,1.0,1.0,True,,,off,,,,
e9_hs_sst,has_stone,sst,stone,mil,on,16,42,2,40,78,0.9807,224,78,0.9796,0.9103,0.8262,0.9558,0.8934,0.9017,0.6282,False,39,nan,0.9744,0.8682,0.9955,0.9744,0.4935,1.0,True,,,off,,,,
e9_hs_sst,has_stone,sst,stone,mil,on,16,42,3,40,78,1.0,221,78,0.9643,0.9231,0.8422,0.9643,0.9086,0.915,0.641,False,39,nan,0.9744,0.8682,0.9955,0.9744,0.4935,1.0,True,,,off,,,,
e9_hs_sst,has_stone,sst,stone,mil,on,16,42,4,40,78,0.9979,220,78,1.0,1.0,0.9531,1.0,1.0,1.0,0.6282,False,39,nan,1.0,0.9103,1.0,1.0,1.0,1.0,True,,,off,,,,
e9_hs_sst,has_stone,sst,stone,mil,on,16,12345,0,40,78,0.9972,220,78,1.0,0.9615,0.8929,0.9868,0.9483,0.9579,0.6282,False,39,nan,1.0,0.9103,1.0,1.0,1.0,1.0,True,,,off,,,,
e9_hs_sst,has_stone,sst,stone,mil,on,16,12345,1,40,78,0.988,222,78,0.9923,0.9744,0.9112,0.9929,0.9726,0.9726,0.6282,False,39,nan,1.0,0.9103,1.0,1.0,1.0,1.0,True,,,off,,,,
e9_hs_sst,has_stone,sst,stone,mil,on,16,12345,2,40,78,0.9857,219,78,0.9845,0.9359,0.8586,0.9723,0.9349,0.9319,0.6282,False,39,nan,0.9487,0.8311,0.9858,0.9487,0.4868,1.0,True,,,off,,,,
e9_hs_sst,has_stone,sst,stone,mil,on,16,12345,3,40,78,0.9768,226,78,0.9821,0.9487,0.8754,0.9799,0.9364,0.9434,0.641,False,39,nan,1.0,0.9103,1.0,1.0,1.0,1.0,True,,,off,,,,
e9_hs_sst,has_stone,sst,stone,mil,on,16,12345,4,40,78,1.0,224,78,0.9606,0.8974,0.8105,0.9471,0.8691,0.8846,0.6282,False,39,nan,0.9744,0.8682,0.9955,0.9744,0.4935,1.0,True,,,off,,,,
e9_size_sst,size3,sst,stone,mil,on,16,2027,0,40,46,0.8217,134,46,,0.7391,,,0.7076,0.7102,0.413,False,,,,,,,,,,0.6997,,off,,,,
e9_size_sst,size3,sst,stone,mil,on,16,2027,1,40,43,0.7882,129,43,,0.8605,,,0.8121,0.8286,0.4419,False,,,,,,,,,,0.8044,,off,,,,
e9_size_sst,size3,sst,stone,mil,on,16,2027,2,40,47,0.7141,129,47,,0.7872,,,0.7426,0.7458,0.4255,False,,,,,,,,,,0.8074,,off,,,,
e9_size_sst,size3,sst,stone,mil,on,16,2027,3,40,46,0.8067,128,46,,0.6957,,,0.6421,0.6386,0.3913,False,,,,,,,,,,0.6423,,off,,,,
e9_size_sst,size3,sst,stone,mil,on,16,2027,4,40,45,0.7508,131,45,,0.7778,,,0.6804,0.6835,0.4444,False,,,,,,,,,,0.75,,off,,,,
e9_size_sst,size3,sst,stone,mil,on,16,7,0,40,43,0.792,130,43,,0.7907,,,0.75,0.7571,0.4186,False,,,,,,,,,,0.8124,,off,,,,
e9_size_sst,size3,sst,stone,mil,on,16,7,1,40,45,0.8211,127,45,,0.7333,,,0.7364,0.7288,0.4222,False,,,,,,,,,,0.6944,,off,,,,
e9_size_sst,size3,sst,stone,mil,on,16,7,2,40,46,0.7502,128,46,,0.6957,,,0.6851,0.6437,0.4565,False,,,,,,,,,,0.7613,,off,,,,
e9_size_sst,size3,sst,stone,mil,on,16,7,3,40,47,0.7261,130,47,,0.7872,,,0.7595,0.7685,0.4043,False,,,,,,,,,,0.8024,,off,,,,
e9_size_sst,size3,sst,stone,mil,on,16,7,4,40,46,0.8653,129,46,,0.7391,,,0.7038,0.7097,0.3913,False,,,,,,,,,,0.6356,,off,,,,
e9_size_sst,size3,sst,stone,mil,on,16,42,0,40,45,0.8605,131,45,,0.7111,,,0.6957,0.6846,0.4222,False,,,,,,,,,,0.6385,,off,,,,
e9_size_sst,size3,sst,stone,mil,on,16,42,1,40,45,0.9056,128,45,,0.7778,,,0.7209,0.7297,0.4222,False,,,,,,,,,,0.7857,,off,,,,
e9_size_sst,size3,sst,stone,mil,on,16,42,2,40,44,0.6995,131,44,,0.8182,,,0.8031,0.7962,0.4318,False,,,,,,,,,,0.78,,off,,,,
e9_size_sst,size3,sst,stone,mil,on,16,42,3,40,46,0.7755,128,46,,0.7609,,,0.7093,0.7182,0.4348,False,,,,,,,,,,0.6855,,off,,,,
e9_size_sst,size3,sst,stone,mil,on,16,42,4,40,47,0.8802,127,47,,0.6596,,,0.6336,0.6087,0.4043,False,,,,,,,,,,0.6015,,off,,,,
e9_size_sst,size3,sst,stone,mil,on,16,12345,0,40,44,0.7824,130,44,,0.7955,,,0.7176,0.7316,0.4091,False,,,,,,,,,,0.781,,off,,,,
e9_size_sst,size3,sst,stone,mil,on,16,12345,1,40,44,0.8042,131,44,,0.6818,,,0.6481,0.6412,0.4091,False,,,,,,,,,,0.7169,,off,,,,
e9_size_sst,size3,sst,stone,mil,on,16,12345,2,40,46,0.807,128,46,,0.7174,,,0.6706,0.6778,0.413,False,,,,,,,,,,0.6642,,off,,,,
e9_size_sst,size3,sst,stone,mil,on,16,12345,3,40,48,0.7472,129,48,,0.75,,,0.7035,0.7125,0.4167,False,,,,,,,,,,0.7235,,off,,,,
e9_size_sst,size3,sst,stone,mil,on,16,12345,4,40,45,0.7516,130,45,,0.8222,,,0.7893,0.8002,0.4,False,,,,,,,,,,0.7816,,off,,,,
e9_hs_resnet18,has_stone,resnet18,stone,mil,on,16,2027,0,40,78,0.9655,222,78,0.9887,0.9231,0.8422,0.9643,0.9036,0.915,0.6282,False,39,nan,1.0,0.9103,1.0,1.0,1.0,1.0,True,,,off,,,,
e9_hs_resnet18,has_stone,resnet18,stone,mil,on,16,2027,1,40,78,0.9873,213,78,0.9704,0.9487,0.8754,0.9799,0.9451,0.9451,0.6282,False,39,nan,0.9487,0.8311,0.9858,0.9487,0.4868,1.0,True,,,off,,,,
e9_hs_resnet18,has_stone,resnet18,stone,mil,on,16,2027,2,40,78,0.9936,217,78,0.9887,0.9744,0.9112,0.9929,0.9726,0.9726,0.6282,False,39,nan,1.0,0.9103,1.0,1.0,1.0,1.0,True,,,off,,,,
e9_hs_resnet18,has_stone,resnet18,stone,mil,on,16,2027,3,40,78,0.993,216,78,0.9871,0.9487,0.8754,0.9799,0.9443,0.9443,0.641,False,39,nan,1.0,0.9103,1.0,1.0,1.0,1.0,True,,,off,,,,
e9_hs_resnet18,has_stone,resnet18,stone,mil,on,16,2027,4,40,78,0.9887,218,78,0.9916,0.9487,0.8754,0.9799,0.9592,0.9465,0.6282,False,39,nan,0.9744,0.8682,0.9955,0.9744,0.4935,1.0,True,,,off,,,,
e9_hs_resnet18,has_stone,resnet18,stone,mil,on,16,7,0,40,78,0.9937,215,78,0.9761,0.9359,0.8586,0.9723,0.9349,0.9319,0.6282,False,39,nan,1.0,0.9103,1.0,1.0,1.0,1.0,True,,,off,,,,
e9_hs_resnet18,has_stone,resnet18,stone,mil,on,16,7,1,40,78,0.9972,224,78,0.9655,0.9487,0.8754,0.9799,0.9521,0.9458,0.6282,False,39,nan,0.9487,0.8311,0.9858,0.9487,0.4868,1.0,True,,,off,,,,
e9_hs_resnet18,has_stone,resnet18,stone,mil,on,16,7,2,40,78,0.9929,239,78,0.9972,0.9744,0.9112,0.9929,0.9655,0.9721,0.6282,False,39,nan,1.0,0.9103,1.0,1.0,1.0,1.0,True,,,off,,,,
e9_hs_resnet18,has_stone,resnet18,stone,mil,on,16,7,3,40,78,0.9768,229,78,0.9914,0.9487,0.8754,0.9799,0.9443,0.9443,0.641,False,39,nan,0.9744,0.8682,0.9955,0.9744,0.4935,1.0,True,,,off,,,,
e9_hs_resnet18,has_stone,resnet18,stone,mil,on,16,7,4,40,78,0.9916,219,78,0.9697,0.8462,0.7501,0.9097,0.8072,0.8234,0.6282,False,39,nan,0.9744,0.8682,0.9955,0.9744,0.4935,1.0,True,,,off,,,,
e9_hs_resnet18,has_stone,resnet18,stone,mil,on,16,42,0,40,78,0.9901,221,78,0.9944,0.9487,0.8754,0.9799,0.931,0.9434,0.6282,False,39,nan,1.0,0.9103,1.0,1.0,1.0,1.0,True,,,off,,,,
e9_hs_resnet18,has_stone,resnet18,stone,mil,on,16,42,1,40,78,0.993,217,78,0.981,0.9359,0.8586,0.9723,0.9208,0.9298,0.6282,False,39,nan,1.0,0.9103,1.0,1.0,1.0,1.0,True,,,off,,,,
e9_hs_resnet18,has_stone,resnet18,stone,mil,on,16,42,2,40,78,0.9714,224,78,0.9697,0.9359,0.8586,0.9723,0.9349,0.9319,0.6282,False,39,nan,0.9487,0.8311,0.9858,0.9487,0.4868,1.0,True,,,off,,,,
e9_hs_resnet18,has_stone,resnet18,stone,mil,on,16,42,3,40,78,1.0,218,78,0.9429,0.9359,0.8586,0.9723,0.9264,0.9298,0.641,False,39,nan,0.9744,0.8682,0.9955,0.9744,0.4935,1.0,True,,,off,,,,
e9_hs_resnet18,has_stone,resnet18,stone,mil,on,16,42,4,40,78,0.9986,217,78,0.9965,0.9872,0.9309,0.9977,0.9898,0.9864,0.6282,False,39,nan,0.9744,0.8682,0.9955,0.9744,0.4935,1.0,True,,,off,,,,
e9_hs_resnet18,has_stone,resnet18,stone,mil,on,16,12345,0,40,78,0.9965,218,78,0.9901,0.9744,0.9112,0.9929,0.9796,0.9729,0.6282,False,39,nan,0.9487,0.8311,0.9858,0.9487,0.4868,1.0,True,,,off,,,,
e9_hs_resnet18,has_stone,resnet18,stone,mil,on,16,12345,1,40,78,0.9824,220,78,0.9923,0.9744,0.9112,0.9929,0.9726,0.9726,0.6282,False,39,nan,1.0,0.9103,1.0,1.0,1.0,1.0,True,,,off,,,,
e9_hs_resnet18,has_stone,resnet18,stone,mil,on,16,12345,2,40,78,0.9886,217,78,0.9873,0.9231,0.8422,0.9643,0.9317,0.9197,0.6282,False,39,nan,0.9487,0.8311,0.9858,0.9487,0.4868,1.0,True,,,off,,,,
e9_hs_resnet18,has_stone,resnet18,stone,mil,on,16,12345,3,40,78,0.9704,226,78,0.9871,0.9359,0.8586,0.9723,0.9264,0.9298,0.641,False,39,nan,1.0,0.9103,1.0,1.0,1.0,1.0,True,,,off,,,,
e9_hs_resnet18,has_stone,resnet18,stone,mil,on,16,12345,4,40,78,0.9986,221,78,0.9437,0.9231,0.8422,0.9643,0.9106,0.9164,0.6282,False,39,nan,0.9744,0.8682,0.9955,0.9744,0.4935,1.0,True,,,off,,,,
e9_size_resnet18,size3,resnet18,stone,mil,on,16,2027,0,40,46,0.7979,131,46,,0.7174,,,0.6706,0.6778,0.413,False,,,,,,,,,,0.6642,,off,,,,
e9_size_resnet18,size3,resnet18,stone,mil,on,16,2027,1,40,43,0.8124,124,43,,0.7442,,,0.6908,0.6952,0.4419,False,,,,,,,,,,0.7703,,off,,,,
e9_size_resnet18,size3,resnet18,stone,mil,on,16,2027,2,40,47,0.7808,123,47,,0.7447,,,0.687,0.6946,0.4255,False,,,,,,,,,,0.7602,,off,,,,
e9_size_resnet18,size3,resnet18,stone,mil,on,16,2027,3,40,46,0.7145,123,46,,0.7609,,,0.7352,0.7453,0.3913,False,,,,,,,,,,0.6597,,off,,,,
e9_size_resnet18,size3,resnet18,stone,mil,on,16,2027,4,40,45,0.7281,125,45,,0.7778,,,0.7275,0.7386,0.4444,False,,,,,,,,,,0.7706,,off,,,,
e9_size_resnet18,size3,resnet18,stone,mil,on,16,7,0,40,43,0.7422,125,43,,0.8372,,,0.8056,0.8247,0.4186,False,,,,,,,,,,0.8551,,off,,,,
e9_size_resnet18,size3,resnet18,stone,mil,on,16,7,1,40,45,0.8863,123,45,,0.6889,,,0.654,0.6603,0.4222,False,,,,,,,,,,0.623,,off,,,,
e9_size_resnet18,size3,resnet18,stone,mil,on,16,7,2,40,46,0.7795,124,46,,0.7609,,,0.766,0.7197,0.4565,False,,,,,,,,,,0.8181,,off,,,,
e9_size_resnet18,size3,resnet18,stone,mil,on,16,7,3,40,47,0.751,125,47,,0.7872,,,0.7279,0.7443,0.4043,False,,,,,,,,,,0.7789,,off,,,,
e9_size_resnet18,size3,resnet18,stone,mil,on,16,7,4,40,46,0.8632,125,46,,0.6739,,,0.6343,0.6374,0.3913,False,,,,,,,,,,0.4936,,off,,,,
e9_size_resnet18,size3,resnet18,stone,mil,on,16,42,0,40,45,0.8877,126,45,,0.7556,,,0.7337,0.722,0.4222,False,,,,,,,,,,0.7237,,off,,,,
e9_size_resnet18,size3,resnet18,stone,mil,on,16,42,1,40,45,0.8693,123,45,,0.7778,,,0.7168,0.722,0.4222,False,,,,,,,,,,0.7955,,off,,,,
e9_size_resnet18,size3,resnet18,stone,mil,on,16,42,2,40,44,0.7576,126,44,,0.8409,,,0.8228,0.8228,0.4318,False,,,,,,,,,,0.7938,,off,,,,
e9_size_resnet18,size3,resnet18,stone,mil,on,16,42,3,40,46,0.7681,123,46,,0.6957,,,0.6343,0.6421,0.4348,False,,,,,,,,,,0.6155,,off,,,,
e9_size_resnet18,size3,resnet18,stone,mil,on,16,42,4,40,47,0.8322,122,47,,0.7021,,,0.6803,0.6725,0.4043,False,,,,,,,,,,0.6258,,off,,,,
e9_size_resnet18,size3,resnet18,stone,mil,on,16,12345,0,40,44,0.7766,124,44,,0.7955,,,0.7407,0.7479,0.4091,False,,,,,,,,,,0.7996,,off,,,,
e9_size_resnet18,size3,resnet18,stone,mil,on,16,12345,1,40,44,0.5712,126,44,,0.6364,,,0.5417,0.5341,0.4091,False,,,,,,,,,,0.3125,,off,,,,
e9_size_resnet18,size3,resnet18,stone,mil,on,16,12345,2,40,46,0.84,122,46,,0.7391,,,0.7086,0.7145,0.413,False,,,,,,,,,,0.6872,,off,,,,
e9_size_resnet18,size3,resnet18,stone,mil,on,16,12345,3,40,48,0.8086,124,48,,0.75,,,0.7094,0.7139,0.4167,False,,,,,,,,,,0.6093,,off,,,,
e9_size_resnet18,size3,resnet18,stone,mil,on,16,12345,4,40,45,0.7409,126,45,,0.6444,,,0.5638,0.5388,0.4,False,,,,,,,,,,0.6545,,off,,,,
